id,title,url,local_start,utc_start,local_end,utc_end,timing_type,duration,time_of_day,day_of_week,event_season,formatted_address,zip,lat,lon,neighborhood,food_bev_density,food_bev_pop_score,access_density,access_pop_score,lodging_density,lodging_pop_score,average_income_zip,population_zip,median_age_zip,event_type,target_audience,event_mood_energy,freebies_included,uniqueness,price
5cf79d60,Supper at Headlands | July 2025,https://www.eventbrite.com/e/supper-at-headlands-july-2025-tickets-1234331592019,2025-07-30 22:00:00,2025-07-30 22:00:00,2025-07-31 01:00:00,2025-07-31 01:00:00,Single-Day-Ranged,180.0,Evening,2,Summer,"944 Simmonds Rd, Sausalito, CA 94965, USA",94965,37.829678,-122.522424,,0.0,0.0,0.0,0.0,2.0,4.8,136098.0,12044,50.2,Performing & Visual Arts,Adults / Professionals (25 to 45),Relaxed,Yes,Yes,81.88
f40a7710,Wine About Housing,https://www.eventbrite.com/e/wine-about-housing-tickets-1215273719409,2025-09-10 22:30:00,2025-09-10 22:30:00,2025-09-11 01:00:00,2025-09-11 01:00:00,Single-Day-Ranged,150.0,Evening,2,,"299 North Highland Avenue Northeast, Atlanta, GA 30307, USA",30307,33.7622967,-84.3589897,Inman Park,3.0,4.74086687306502,14.0,2.0,40.0,4.50330771022595,140417.0,21266,36.3,Community,Adults / Professionals (25 to 45),Relaxed,No,Yes,86.4
f42e7ed5,BRÜT SF - DORE ALLEY  2025,https://www.eventbrite.com/e/brut-sf-dore-alley-2025-tickets-1255908097929,2025-07-27 02:00:00,2025-07-27 02:00:00,2025-07-27 05:00:00,2025-07-27 05:00:00,Multi-Day,180.0,Night,5,Summer,"119 Utah St, San Francisco, CA 94103, USA",94103,37.7674694,-122.4065056,Showplace Square,80.0,4.15553292600136,45.0,3.97475622968581,40.0,3.29599501971363,111028.0,32400,36.8,Music,Young Adults (18 to 30),High-Energy,No,Yes,54.84
d7d003f5,ALPHA,https://www.eventbrite.com/e/alpha-tickets-1290422822399,2025-07-26 02:00:00,2025-07-26 02:00:00,,,Single-Day-Instant,,Night,4,Summer,"1 Jones St, San Francisco, CA 94102, USA",94102,37.7813171,-122.4122946,Tenderloin,80.0,4.42325916948028,42.0,3.44377182770664,40.0,3.50682680151707,62388.0,34077,39.6,Music,Young Adults (18 to 30),High-Energy,No,Yes,44.52
01d72a47,PRINCESS W/ JEWELS SPARKLES,https://www.eventbrite.com/e/princess-w-jewels-sparkles-tickets-1296375356589,2025-07-27 02:00:00,2025-07-27 02:00:00,2025-07-27 05:00:00,2025-07-27 05:00:00,Multi-Day,180.0,Night,5,Summer,"298 11th St, San Francisco, CA 94103, USA",94103,37.7718948,-122.4144155,SoMa,80.0,4.15553292600136,45.0,3.97475622968581,40.0,3.29599501971363,111028.0,32400,36.8,Performing & Visual Arts,Young Adults (18 to 30),High-Energy,No,No,29.68
2ecc2593,FWG Summer Bonfire ft DJ Jerry Ross/DJ Oras,https://www.eventbrite.com/e/fwg-summer-bonfire-ft-dj-jerry-rossdj-oras-tickets-1332595843039,2025-07-19 18:00:00,2025-07-19 18:00:00,2025-07-20 01:30:00,2025-07-20 01:30:00,Single-Day-Ranged,450.0,Afternoon,5,Summer,"1000 Great Hwy, San Francisco, CA 94121, USA",94121,37.7694627,-122.5102108,Golden Gate Park,42.0,4.4579444772593,28.0,3.82592592592593,40.0,4.6554143126177,132519.0,43304,42.6,Music,Young Adults (18 to 30),High-Energy,No,Yes,17.85
d04a6dc8,Parks4All: Brewfest,https://www.eventbrite.com/e/parks4all-brewfest-tickets-1146260077749,2025-07-19 16:00:00,2025-07-19 16:00:00,2025-07-19 20:00:00,2025-07-19 20:00:00,Single-Day-Ranged,240.0,Afternoon,5,Summer,"Civil War Parade Ground, Graham St, San Francisco, CA 94129, USA",94129,37.8003382,-122.4568085,Main Post,23.0,4.46897967161845,24.0,3.57142857142857,40.0,4.50958983246678,236445.0,3952,34.1,Food & Drink,None,Relaxed,Yes,Yes,44.52
26b7caf7,Princess: EMO NIGHT w/ TENDERONI · King Takeover + MCR Afterparty!,https://www.eventbrite.com/e/princess-emo-night-w-tenderoni-king-takeover-mcr-afterparty-tickets-1345562867759,2025-07-20 01:30:00,2025-07-20 01:30:00,2025-07-20 05:00:00,2025-07-20 05:00:00,Multi-Day,210.0,Night,5,Summer,"298 11th St, San Francisco, CA 94103, USA",94103,37.7718948,-122.4144155,SoMa,80.0,4.15553292600136,45.0,3.97475622968581,40.0,3.29599501971363,111028.0,32400,36.8,Performing & Visual Arts,Young Adults (18 to 30),High-Energy,No,Yes,17.4
50322d3b,"Skate Week SF - ""Boots on the Ground"" Texas Takeover Finale",https://www.eventbrite.com/e/skate-week-sf-boots-on-the-ground-texas-takeover-finale-tickets-1319637373909,2025-07-20 00:00:00,2025-07-20 00:00:00,2025-07-20 03:00:00,2025-07-20 03:00:00,Single-Day-Ranged,180.0,Evening,5,Summer,"554 Fillmore St, San Francisco, CA 94117, USA",94117,37.7747073,-122.4306925,Lower Haight,70.0,4.40787122462853,33.0,3.95941860465116,40.0,4.53354380426204,190444.0,39496,34.5,Sports & Fitness,Young Adults (18 to 30),High-Energy,No,Yes,12.58
81998be9,Help is on the Way XXXI,https://www.eventbrite.com/e/help-is-on-the-way-xxxi-tickets-1339738356489,2025-07-20 23:30:00,2025-07-20 23:30:00,2025-07-21 03:30:00,2025-07-21 03:30:00,Single-Day-Ranged,240.0,Evening,6,Summer,"609 Sutter St, San Francisco, CA 94102, USA",94102,37.788678,-122.410458,Lower Nob Hill,80.0,4.42325916948028,42.0,3.44377182770664,40.0,3.50682680151707,62388.0,34077,39.6,Music,None,None,No,No,49.03
3c5a451a,Chocolate & Wine CRUISE on San Francisco Bay: Summer 2025 Off-White Edition,https://www.eventbrite.com/e/chocolate-wine-cruise-on-san-francisco-bay-summer-2025-off-white-edition-tickets-1353907627159,2025-07-19 17:00:00,2025-07-19 17:00:00,2025-07-19 19:30:00,2025-07-19 19:30:00,Single-Day-Ranged,150.0,Afternoon,5,Summer,"89 King St, San Francisco, CA 94107, USA",94107,37.7816903,-122.3866361,South Beach,73.0,4.50910252555622,42.0,3.58974358974359,40.0,4.3214235705951,176788.0,30340,35.8,Food & Drink,Adults / Professionals (25 to 45),Relaxed,No,Yes,74.49
02d88d81,DENIS HORVAT [ Innervisions & Afterlife ] at Madarae,https://www.eventbrite.com/e/denis-horvat-innervisions-afterlife-at-madarae-tickets-1344739715689,2025-07-26 01:00:00,2025-07-26 01:00:00,2025-07-26 05:00:00,2025-07-26 05:00:00,Multi-Day,240.0,Night,4,Summer,"46 Minna St, San Francisco, CA 94105, USA",94105,37.7885614,-122.3982078,SoMa,80.0,4.46040909391316,41.0,3.78579321231255,40.0,4.36441436751692,250001.0,13722,33.8,Music,Young Adults (18 to 30),High-Energy,No,Yes,12.51
e65d1b1f,Silicon Valley: The Musical,https://www.eventbrite.com/e/silicon-valley-the-musical-tickets-891223462367,2025-10-18 23:00:00,2025-10-18 23:00:00,2025-10-19 01:30:00,2025-10-19 01:30:00,Single-Day-Ranged,150.0,Evening,5,,"1695 18th St, San Francisco, CA 94107, USA",94107,37.7622332,-122.3990739,Potrero Hill,73.0,4.50910252555622,42.0,3.58974358974359,40.0,4.3214235705951,176788.0,30340,35.8,Performing & Visual Arts,Adults / Professionals (25 to 45),High-Energy,No,Yes,39.19
6bd07c03,San Francisco Singles Online Trivia Night - A Fun Speed Dating Alternative,https://www.eventbrite.com/e/san-francisco-singles-online-trivia-night-a-fun-speed-dating-alternative-tickets-1270820561509,2025-07-23 00:30:00,2025-07-23 00:30:00,2025-07-23 02:15:00,2025-07-23 02:15:00,Single-Day-Ranged,105.0,Evening,1,Summer,"4056 Mission St, San Francisco, CA 94112, USA",94112,37.7328169,-122.4276576,St. Marys Park,59.0,4.14002295223067,37.0,3.74481927710843,40.0,4.05813148788927,120731.0,80880,43.0,Community,Young Adults (18 to 30),Relaxed,No,No,22.94
4ce8f84a,Skate Golden Gate - Michael vs Prince Night,https://www.eventbrite.com/e/skate-golden-gate-michael-vs-prince-night-tickets-1319633402029,2025-07-19 00:00:00,2025-07-19 00:00:00,2025-07-19 03:00:00,2025-07-19 03:00:00,Single-Day-Ranged,180.0,Evening,4,Summer,"554 Fillmore St, San Francisco, CA 94117, USA",94117,37.7747073,-122.4306925,Lower Haight,70.0,4.40787122462853,33.0,3.95941860465116,40.0,4.53354380426204,190444.0,39496,34.5,Hobbies,Young Adults (18 to 30),High-Energy,No,Yes,12.58
f8c1a5c3,"Protect your Intellectual Property, Protect your Brand",https://www.eventbrite.com/e/protect-your-intellectual-property-protect-your-brand-tickets-1324659274549,2025-08-07 21:00:00,2025-08-07 21:00:00,2025-08-07 23:00:00,2025-08-07 23:00:00,Single-Day-Ranged,120.0,Evening,3,Summer,"275 Valley Dr, Brisbane, CA 94005, USA",94005,37.6877084,-122.4065732,,2.0,4.2,15.0,4.5,40.0,4.86363636363636,137583.0,4756,42.9,Business,Adults / Professionals (25 to 45),Educational,No,No,28.52
0eac26e6,Go With The Flow Improv Painting with Gem Mahusay,https://www.eventbrite.com/e/go-with-the-flow-improv-painting-with-gem-mahusay-tickets-1334389337429,2025-08-02 16:00:00,2025-08-02 16:00:00,2025-08-02 19:00:00,2025-08-02 19:00:00,Single-Day-Ranged,180.0,Afternoon,5,Summer,"1490 17th St, San Francisco, CA 94107, USA",94107,37.7651476,-122.3985884,Potrero Hill,73.0,4.50910252555622,42.0,3.58974358974359,40.0,4.3214235705951,176788.0,30340,35.8,Performing & Visual Arts,Adults / Professionals (25 to 45),Relaxed,No,No,71.21
0d864b85,Killing My Lobster Presents: Sketch On Speed,https://www.eventbrite.com/e/killing-my-lobster-presents-sketch-on-speed-tickets-1139295667009,2025-07-27 02:00:00,2025-07-27 02:00:00,2025-07-27 03:00:00,2025-07-27 03:00:00,Single-Day-Ranged,60.0,Night,5,Summer,"446 Valencia St, San Francisco, CA 94103, USA",94103,37.7657615,-122.4221842,Mission Dolores,80.0,4.15553292600136,45.0,3.97475622968581,40.0,3.29599501971363,111028.0,32400,36.8,Performing & Visual Arts,Young Adults (18 to 30),High-Energy,No,Yes,12.51
f0e92a6f,Larry Grant's CCSF Rams Celebrity Golf Scramble,https://www.eventbrite.com/e/larry-grants-ccsf-rams-celebrity-golf-scramble-tickets-1291828246059,2026-07-18 01:00:00,2026-07-18 01:00:00,2026-08-17 21:00:00,2026-08-17 21:00:00,Single-Day-Ranged,44400.0,Evening,4,Summer,"300 Finley Rd p, San Francisco, CA 94129, USA",94129,37.7905717,-122.4598702,Presidio of San Francisco,23.0,4.46897967161845,24.0,3.57142857142857,40.0,4.50958983246678,236445.0,3952,34.1,Sports & Fitness,Adults / Professionals (25 to 45),Relaxed,No,Yes,188.58
d6a03e37,In person class: Authentic Asian Dumplings (San Francisco),https://www.eventbrite.com/e/in-person-class-authentic-asian-dumplings-san-francisco-tickets-1002112624837,2025-08-16 21:00:00,2025-08-16 21:00:00,2025-08-16 23:00:00,2025-08-16 23:00:00,Single-Day-Ranged,120.0,Evening,5,Summer,"1500 Sutter St, San Francisco, CA 94109, USA",94109,37.7872503,-122.425474,Cathedral Hill,80.0,4.54286979908242,41.0,3.7948275862069,40.0,3.98152436082972,108691.0,56333,37.4,Food & Drink,Adults / Professionals (25 to 45),Relaxed,No,No,64.8
4fcd0eee,ForEVER Connect:  PCF Fanmeet US Tour 2025,https://www.eventbrite.com/e/forever-connect-pcf-fanmeet-us-tour-2025-tickets-1349181340709,2025-07-30 22:00:00,2025-07-30 22:00:00,2025-07-31 00:00:00,2025-07-31 00:00:00,Single-Day-Ranged,120.0,Evening,2,Summer,"2 Marina Blvd, San Francisco, CA 94123, USA",94123,37.8079164,-122.4312726,Fort Mason,71.0,4.22505839881079,41.0,3.01189189189189,40.0,4.0246251874063,211854.0,24721,33.7,Performing & Visual Arts,Teens / High School Students,Formal,No,Yes,35.14
f1991d34,Denis Horvat at Madarae,https://www.eventbrite.com/e/denis-horvat-at-madarae-tickets-1348658175909,2025-07-26 01:00:00,2025-07-26 01:00:00,2025-07-26 05:00:00,2025-07-26 05:00:00,Multi-Day,240.0,Night,4,Summer,"46 Minna St, San Francisco, CA 94105, USA",94105,37.7885614,-122.3982078,SoMa,80.0,4.46040909391316,41.0,3.78579321231255,40.0,4.36441436751692,250001.0,13722,33.8,Music,Young Adults (18 to 30),High-Energy,No,Yes,12.51
715b89b0,Gay Men’s Sangha,https://www.eventbrite.com/e/gay-mens-sangha-tickets-1335554632859,2025-07-25 23:00:00,2025-07-25 23:00:00,2025-07-26 01:00:00,2025-07-26 01:00:00,Single-Day-Ranged,120.0,Evening,4,Summer,"97 Collingwood St, San Francisco, CA 94114, USA",94114,37.761048,-122.4358987,The Castro,77.0,4.40359069767442,27.0,3.96315789473684,40.0,4.66465729530064,184671.0,33858,42.0,Health,Young Adults (18 to 30),Spiritual,No,No,12.51
1a04a851,Breathing Together (Partner-Breathing)Creating more intimacy & flow of love,https://www.eventbrite.com/e/breathing-together-partner-breathingcreating-more-intimacy-flow-of-love-tickets-1320684686449,2025-07-26 19:00:00,2025-07-26 19:00:00,2025-07-26 23:00:00,2025-07-26 23:00:00,Single-Day-Ranged,240.0,Afternoon,5,Summer,"2872 Folsom St, San Francisco, CA 94110, USA",94110,37.7514476,-122.4143374,Mission District,80.0,4.41382927858248,39.0,3.65452322738386,40.0,4.48919619706137,152115.0,69679,39.0,Spirituality,Young Adults (18 to 30),Spiritual,Yes,Yes,54.0
5e7f40ce,Come Play with Color and Paint: 1-Day Intuitive Painting Workshop,https://www.eventbrite.com/e/come-play-with-color-and-paint-1-day-intuitive-painting-workshop-registration-1078507347509,2025-07-24 03:00:00,2025-07-24 03:00:00,2025-08-23 20:00:00,2025-08-23 20:00:00,Single-Day-Ranged,44220.0,Night,2,Summer,"300 Chenery St, San Francisco, CA 94131, USA",94131,37.7372172,-122.427975,Fairmount,29.0,4.35144210960033,25.0,3.70625,40.0,4.33852019203615,196571.0,28705,40.8,Performing & Visual Arts,Adults / Professionals (25 to 45),Relaxed,Yes,Yes,130.96
058f7cf7,"Watercolor ~ Easy Fundamentals; SF Studio classes; 8/2, 8/9 & 8/16, 2025",https://www.eventbrite.com/e/watercolor-easy-fundamentals-sf-studio-classes-82-89-816-2025-registration-1278304355739,2025-02-19 03:30:00,2025-02-19 03:30:00,2025-08-02 16:30:00,2025-08-02 16:30:00,Single-Day-Ranged,236940.0,Night,1,,"246 Romain St, San Francisco, CA 94131, USA",94131,37.756096,-122.442157,Twin Peaks,29.0,4.35144210960033,25.0,3.70625,40.0,4.33852019203615,196571.0,28705,40.8,Performing & Visual Arts,Young Adults (18 to 30),Educational,No,Yes,180.0
9698a992,In-person class: Handmade Ravioli (SF),https://www.eventbrite.com/e/in-person-class-handmade-ravioli-sf-tickets-1002109274817,2025-08-09 21:30:00,2025-08-09 21:30:00,,,Single-Day-Instant,,Evening,5,Summer,"1500 Sutter St, San Francisco, CA 94109, USA",94109,37.7872503,-122.425474,Cathedral Hill,80.0,4.54286979908242,41.0,3.7948275862069,40.0,3.98152436082972,108691.0,56333,37.4,Food & Drink,Adults / Professionals (25 to 45),Relaxed,No,No,64.8
b4ffe604,September Couples Retreat: Gottman Skills Workshop,https://www.eventbrite.com/e/september-couples-retreat-gottman-skills-workshop-tickets-1109246679679,2025-07-21 02:00:00,2025-07-21 02:00:00,2025-09-20 20:30:00,2025-09-20 20:30:00,Single-Day-Ranged,88950.0,Night,6,Summer,"8 Presidio Terrace, San Francisco, CA 94118, USA",94118,37.7892586,-122.4608081,Presidio of San Francisco,80.0,4.54307543913088,33.0,3.73258426966292,40.0,4.58710374639769,157143.0,40108,38.4,Spirituality,Adults / Professionals (25 to 45),Educational,Yes,No,423.34
5efff707,From Day One: San Francisco 2025,https://www.eventbrite.com/e/from-day-one-san-francisco-2025-tickets-947973824227,2025-07-31 01:30:00,2025-07-31 01:30:00,2025-09-30 21:30:00,2025-09-30 21:30:00,Single-Day-Ranged,89040.0,Evening,2,Summer,"Fort Mason Center, 2 Marina Blvd, San Francisco, CA 94109, USA",94109,37.8070318,-122.4311232,,80.0,4.54286979908242,41.0,3.7948275862069,40.0,3.98152436082972,108691.0,56333,37.4,Business,Adults / Professionals (25 to 45),Professional,No,No,107.48
02982b78,TEQUILA FEST NEW YORK CITY 2025,https://www.eventbrite.com/e/tequila-fest-new-york-city-2025-tickets-1225649824619,2025-07-19 19:00:00,2025-07-19 19:00:00,2025-07-20 02:00:00,2025-07-20 02:00:00,Single-Day-Ranged,420.0,Afternoon,5,Summer,"57-00 47th St, Maspeth, NY 11378, USA",11378,40.7191142,-73.9230248,Maspeth,52.0,3.76872656122615,30.0,3.98376623376623,40.0,3.11020541245517,90572.0,39250,39.8,Food & Drink,Adults / Professionals (25 to 45),High-Energy,Yes,Yes,55.2
eae7eda4,Brunch With Sherls :A Night In Havana,https://www.eventbrite.com/e/brunch-with-sherls-a-night-in-havana-tickets-1313451301199,2025-07-20 19:00:00,2025-07-20 19:00:00,2025-07-21 01:00:00,2025-07-21 01:00:00,Single-Day-Ranged,360.0,Afternoon,6,Summer,"145 Brooklyn Ave, Brooklyn, NY 11213, USA",11213,40.6744611,-73.9439863,Crown Heights,80.0,3.9908534688375,31.0,3.70294117647059,40.0,4.06894841269841,54211.0,69131,34.0,Food & Drink,Young Adults (18 to 30),High-Energy,No,Yes,65.87
72b587a2,"camoufly, dj something",https://www.eventbrite.com/e/camoufly-tickets-1273035586709,2025-07-25 22:00:00,2025-07-25 22:00:00,2025-07-26 02:00:00,2025-07-26 02:00:00,Single-Day-Ranged,240.0,Evening,4,Summer,"599 Johnson Ave #1, Brooklyn, NY 11237, USA",11237,40.709474,-73.923322,East Williamsburg,80.0,4.31587757054041,31.0,4.25706214689266,40.0,4.49346405228758,79136.0,47183,32.6,Community,Young Adults (18 to 30),Relaxed,No,Yes,27.84
28788b35,Pink Lemonade 2025,https://www.eventbrite.com/e/pink-lemonade-2025-tickets-1248448987529,2025-07-27 19:00:00,2025-07-27 19:00:00,2025-07-28 01:00:00,2025-07-28 01:00:00,Single-Day-Ranged,360.0,Afternoon,6,Summer,"145 Brooklyn Ave, Brooklyn, NY 11213, USA",11213,40.6744611,-73.9439863,Crown Heights,80.0,3.9908534688375,31.0,3.70294117647059,40.0,4.06894841269841,54211.0,69131,34.0,Food & Drink,Young Adults (18 to 30),High-Energy,No,Yes,135.23
bcecce48,"JSTJR, JSMN",https://www.eventbrite.com/e/jstjr-jsmn-tickets-1272831947619,2025-07-18 22:00:00,2025-07-18 22:00:00,2025-07-19 02:00:00,2025-07-19 02:00:00,Single-Day-Ranged,240.0,Evening,4,Summer,"599 Johnson Ave #1, Brooklyn, NY 11237, USA",11237,40.709474,-73.923322,East Williamsburg,80.0,4.31587757054041,31.0,4.25706214689266,40.0,4.49346405228758,79136.0,47183,32.6,Community,Young Adults (18 to 30),Relaxed,No,Yes,27.84
3029c872,"MegaGoneFree, Melina KB",https://www.eventbrite.com/e/megagonefree-melina-kb-tickets-1284440789979,2025-07-18 00:00:00,2025-07-18 00:00:00,2025-07-18 03:00:00,2025-07-18 03:00:00,Single-Day-Ranged,180.0,Evening,3,Summer,"599 Johnson Ave #1, Brooklyn, NY 11237, USA",11237,40.7093375,-73.9232313,East Williamsburg,80.0,4.31587757054041,31.0,4.25706214689266,40.0,4.49346405228758,79136.0,47183,32.6,Community,Young Adults (18 to 30),Relaxed,Yes,No,25.24
3c7b765b,"Ducks Ltd., Trace Mountains",https://www.eventbrite.com/e/ducks-ltd-trace-mountains-tickets-1320057380159,2025-07-22 23:00:00,2025-07-22 23:00:00,2025-07-23 02:00:00,2025-07-23 02:00:00,Single-Day-Ranged,180.0,Evening,1,Summer,"599 Johnson Ave #1, Brooklyn, NY 11237, USA",11237,40.709474,-73.923322,East Williamsburg,80.0,4.31587757054041,31.0,4.25706214689266,40.0,4.49346405228758,79136.0,47183,32.6,Community,Young Adults (18 to 30),Relaxed,No,Yes,27.84
235f4000,"Phantom Planet, Range Life",https://www.eventbrite.com/e/phantom-planet-range-life-tickets-1279391457289,2025-07-29 23:00:00,2025-07-29 23:00:00,2025-07-30 02:00:00,2025-07-30 02:00:00,Single-Day-Ranged,180.0,Evening,1,Summer,"599 Johnson Ave #1, Brooklyn, NY 11237, USA",11237,40.709474,-73.923322,East Williamsburg,80.0,4.31587757054041,31.0,4.25706214689266,40.0,4.49346405228758,79136.0,47183,32.6,Community,Young Adults (18 to 30),Relaxed,No,Yes,46.67
98330195,"Flamingosis, Nothing_Neue, Sky Society (DJ Set)",https://www.eventbrite.com/e/flamingosis-nothing-neue-sky-society-dj-set-tickets-1320048323069,2025-07-23 23:00:00,2025-07-23 23:00:00,2025-07-24 02:00:00,2025-07-24 02:00:00,Single-Day-Ranged,180.0,Evening,2,Summer,"599 Johnson Ave #1, Brooklyn, NY 11237, USA",11237,40.709474,-73.923322,East Williamsburg,80.0,4.31587757054041,31.0,4.25706214689266,40.0,4.49346405228758,79136.0,47183,32.6,Community,Young Adults (18 to 30),Relaxed,No,Yes,30.44
19eda8d3,Pizza Party 2025,https://www.eventbrite.com/e/pizza-party-2025-tickets-1307087286259,2025-07-26 16:00:00,2025-07-26 16:00:00,2025-07-26 20:00:00,2025-07-26 20:00:00,Single-Day-Ranged,240.0,Afternoon,5,Summer,"Snug Harbor Cultural Center & Botanical Garden, 1000 Richmond Ter, Staten Island, NY 10301, USA",10301,40.6433718,-74.1027431,Mid Island,23.0,4.39654248843438,20.0,3.0,40.0,3.4,84855.0,40331,36.8,Charity & Causes,Adults / Professionals (25 to 45),Relaxed,Yes,Yes,28.52
77773329,"Son Rompe Pera, Discolocas",https://www.eventbrite.com/e/son-rompe-pera-discolocas-tickets-1272623504159,2025-07-21 23:00:00,2025-07-21 23:00:00,2025-07-22 02:00:00,2025-07-22 02:00:00,Single-Day-Ranged,180.0,Evening,0,Summer,"599 Johnson Ave #1, Brooklyn, NY 11237, USA",11237,40.709474,-73.923322,East Williamsburg,80.0,4.31587757054041,31.0,4.25706214689266,40.0,4.49346405228758,79136.0,47183,32.6,Community,None,Relaxed,No,Yes,33.33
7011f6dc,"2025 NYBLACKMBA 4th Annual Women's Conference ""The Power of YOU""",https://www.eventbrite.com/e/2025-nyblackmba-4th-annual-womens-conference-the-power-of-you-tickets-1316859866309,2025-07-17 21:00:00,2025-07-17 21:00:00,2025-07-19 03:30:00,2025-07-19 03:30:00,Multi-Day,1830.0,Evening,3,Summer,"1585 Broadway, New York, NY 10036, USA",10036,40.7598452,-73.9854739,,80.0,4.24470553617218,44.0,3.87628947368421,40.0,4.17064473875709,102287.0,30930,39.3,Business,Adults / Professionals (25 to 45),Professional,No,Yes,27.72
cc020f74,"BIAS: Chung, KA WAI, mauve, NARI, OPPASLAYER, @tfti, NODUTDOL",https://www.eventbrite.com/e/bias-chung-ka-wai-nari-oppaslayer-tfti-performance-by-nodutdol-tickets-1320077781179,2025-07-27 20:00:00,2025-07-27 20:00:00,2025-07-28 02:00:00,2025-07-28 02:00:00,Single-Day-Ranged,360.0,Afternoon,6,Summer,"599 Johnson Ave #1, Brooklyn, NY 11237, USA",11237,40.709474,-73.923322,East Williamsburg,80.0,4.31587757054041,31.0,4.25706214689266,40.0,4.49346405228758,79136.0,47183,32.6,Community,Young Adults (18 to 30),High-Energy,No,Yes,20.87
93524619,JOUVERT MADNESS 2025,https://www.eventbrite.com/e/jouvert-madness-2025-tickets-1334390490879,2025-07-27 16:00:00,2025-07-27 16:00:00,2025-07-27 23:00:00,2025-07-27 23:00:00,Single-Day-Ranged,420.0,Afternoon,6,Summer,"1440 Utica Ave, Brooklyn, NY 11203, USA",11203,40.6372509,-73.9291167,East Flatbush,62.0,3.86796185935638,35.0,3.8301775147929,40.0,2.6,68006.0,78506,42.3,Music,Young Adults (18 to 30),High-Energy,No,Yes,28.52
6ce5721b,Summer Rooftop Networking Party 2025,https://www.eventbrite.com/e/summer-rooftop-networking-party-2025-registration-1319393213619,2025-07-22 21:30:00,2025-07-22 21:30:00,,,Single-Day-Instant,,Evening,1,Summer,"31W W 52nd St 29th Fl, New York, NY 10019, USA",10019,40.7608588,-73.9781017,,80.0,4.14515140671825,41.0,3.45516403402187,40.0,3.79008294594841,113335.0,42766,41.4,Community,Adults / Professionals (25 to 45),Relaxed,No,No,60.0
479dd115,FLOURISH MEETS THIRST,https://www.eventbrite.com/e/flourish-meets-thirst-tickets-1290284157649,2025-07-27 19:00:00,2025-07-27 19:00:00,2025-07-28 01:00:00,2025-07-28 01:00:00,Single-Day-Ranged,360.0,Afternoon,6,Summer,"395 Wythe Ave, Brooklyn, NY 11249, USA",11249,40.711123,-73.966358,Southside,80.0,4.43373854378819,40.0,3.47190082644628,40.0,4.45526237476441,113946.0,45087,30.2,Food & Drink,Young Adults (18 to 30),High-Energy,No,No,44.52
6b84f0aa,"Sundae Sauuce: Travis George, Omar ؏, Soul Sugar, Annabelle Kline",https://www.eventbrite.com/e/sundae-sauuce-travis-george-omar-soul-sugar-annabelle-kline-tickets-1320081111139,2025-07-20 20:00:00,2025-07-20 20:00:00,2025-07-21 02:00:00,2025-07-21 02:00:00,Single-Day-Ranged,360.0,Afternoon,6,Summer,"599 Johnson Ave #1, Brooklyn, NY 11237, USA",11237,40.709474,-73.923322,East Williamsburg,80.0,4.31587757054041,31.0,4.25706214689266,40.0,4.49346405228758,79136.0,47183,32.6,Community,Young Adults (18 to 30),Relaxed,No,Yes,13.48
106dd297,Christmas in July,https://www.eventbrite.com/e/christmas-in-july-tickets-1309812928729,2025-07-17 22:30:00,2025-07-17 22:30:00,2025-07-18 01:30:00,2025-07-18 01:30:00,Single-Day-Ranged,180.0,Evening,3,Summer,"38 W 26th St, New York, NY 10010, USA",10010,40.7442721,-73.9907621,,80.0,4.44673274240161,41.0,2.83405483405483,40.0,4.38286252354049,150288.0,32410,35.8,Charity & Causes,Adults / Professionals (25 to 45),Formal,Yes,No,188.58
eb7bd7a8,RUDY RUDY BBQ NYC 2025,https://www.eventbrite.com/e/rudy-rudy-bbq-nyc-2025-tickets-1312932038069,2025-07-20 16:00:00,2025-07-20 16:00:00,2025-07-20 22:00:00,2025-07-20 22:00:00,Single-Day-Ranged,360.0,Afternoon,6,Summer,"14b 53rd St 3rd floor, Brooklyn, NY 11232, USA",11232,40.6501414,-74.023608,Sunset Park,80.0,3.99685428024164,31.0,3.26269592476489,40.0,4.21318752010293,79599.0,28137,35.5,Food & Drink,Adults / Professionals (25 to 45),Relaxed,Yes,Yes,113.89
10455f43,Speed Networking And Business Matchmaking : Fast Way to Expand Your Network,https://www.eventbrite.com/e/speed-networking-and-business-matchmaking-fast-way-to-expand-your-network-tickets-1259558737089,2025-08-26 22:30:00,2025-08-26 22:30:00,2025-08-27 00:30:00,2025-08-27 00:30:00,Single-Day-Ranged,120.0,Evening,1,Summer,"54 W 39th St, New York, NY 10018, USA",10018,40.752396,-73.9847706,,80.0,4.2738168849237,43.0,3.95349143610013,40.0,3.83410380622837,149118.0,8659,33.2,Business,Adults / Professionals (25 to 45),Professional,No,No,23.18
e3f65f4e,CareFreeBlackGirl Festival,https://www.eventbrite.com/e/carefreeblackgirl-festival-tickets-1349766681479,2025-07-19 17:00:00,2025-07-19 17:00:00,2025-07-20 00:00:00,2025-07-20 00:00:00,Single-Day-Ranged,420.0,Afternoon,5,Summer,"14b 53rd St, Brooklyn, NY 11232, USA",11232,40.6502107,-74.0234903,Sunset Park,80.0,3.99685428024164,31.0,3.26269592476489,40.0,4.21318752010293,79599.0,28137,35.5,Community,Young Adults (18 to 30),High-Energy,Yes,No,23.18
82986cc6,"""Honoring Our History"" - HLNY's 13th Annual Past President's Boat Cruise",https://www.eventbrite.com/e/honoring-our-history-hlnys-13th-annual-past-presidents-boat-cruise-tickets-1332270499929,2025-07-22 22:00:00,2025-07-22 22:00:00,2025-07-23 01:00:00,2025-07-23 01:00:00,Single-Day-Ranged,180.0,Evening,1,Summer,"111C 11th Ave, New York, NY 10011, USA",10011,40.747355,-74.0083691,,80.0,4.56492459658005,41.0,3.2974269005848,40.0,4.23671866477583,145934.0,50772,42.5,None,None,None,No,No,30.0
d1c316f7,Cruisin Into The Summer pt.5,https://www.eventbrite.com/e/cruisin-into-the-summer-pt5-tickets-1287629688059,2025-07-20 03:59:00,2025-07-20 03:59:00,2025-07-20 05:00:00,2025-07-20 05:00:00,Multi-Day,61.0,Night,5,Summer,"11 Marin Blvd p 11, Jersey City, NJ 07302, USA",07302,40.7132392,-74.0471214,Downtown Jersey City,80.0,4.26614395066979,44.0,3.67355450236967,40.0,4.31884107082345,165235.0,53237,34.4,None,None,None,No,No,33.85
b5935526,"The Pom-Poms, kitty ray, Ricky Eat Acid, Jack Powers",https://www.eventbrite.com/e/the-pom-poms-kitty-ray-ricky-eat-acid-jack-powers-tickets-1342741067679,2025-07-24 23:00:00,2025-07-24 23:00:00,2025-07-25 02:00:00,2025-07-25 02:00:00,Single-Day-Ranged,180.0,Evening,3,Summer,"599 Johnson Ave #1, Brooklyn, NY 11237, USA",11237,40.7093375,-73.9232313,East Williamsburg,80.0,4.31587757054041,31.0,4.25706214689266,40.0,4.49346405228758,79136.0,47183,32.6,Community,None,None,Yes,No,27.84
a0aefd48,"ALL WHITE LUXURY ROOFTOP PARTY - NYC DJ CAMILO HOT97, DJ NORIE POWER 105.1",https://www.eventbrite.com/e/all-white-luxury-rooftop-party-nyc-dj-camilo-hot97-dj-norie-power-1051-tickets-1287028690459,2025-07-20 19:00:00,2025-07-20 19:00:00,,,Single-Day-Instant,,Afternoon,6,Summer,"168 Delancey St, New York, NY 10002, USA",10002,40.7179713,-73.9852887,,80.0,4.33058238148929,40.0,3.92413793103448,40.0,3.95071748878924,43362.0,76518,44.2,Music,Young Adults (18 to 30),High-Energy,No,Yes,33.85
b0715449,Paperweight Party: Drawing with Glass with Lena Luo,https://www.eventbrite.com/e/paperweight-party-drawing-with-glass-with-lena-luo-tickets-1310741455979,2025-07-19 21:00:00,2025-07-19 21:00:00,2025-07-20 00:00:00,2025-07-20 00:00:00,Single-Day-Ranged,180.0,Evening,5,Summer,"647 Fulton St floor 3, Brooklyn, NY 11217, USA",11217,40.6888467,-73.9790576,Fort Greene,80.0,4.25891787930471,41.0,3.93010858835143,40.0,4.33641601271481,152735.0,43045,35.8,Hobbies,Teens / High School Students,Educational,No,Yes,165.0
c00d3f31,NYC Singles Online Trivia Night - A Fun Speed Dating Alternative,https://www.eventbrite.com/e/nyc-singles-online-trivia-night-a-fun-speed-dating-alternative-tickets-1269852475939,2025-07-22 23:30:00,2025-07-22 23:30:00,2025-07-23 01:30:00,2025-07-23 01:30:00,Single-Day-Ranged,120.0,Evening,1,Summer,"New York, NY 10022, USA",10022,40.7593941,-73.9697795,,80.0,4.33373398215734,40.0,4.65151798849806,41.0,3.96625229264316,161236.0,33586,48.6,Community,Young Adults (18 to 30),Relaxed,No,No,22.94
60561cce,The mothers of jazz: Billie Holiday to Nina Simone - sunset Rooftop Concert,https://www.eventbrite.com/e/the-mothers-of-jazz-billie-holiday-to-nina-simone-sunset-rooftop-concert-tickets-1342004153549,2025-07-23 23:00:00,2025-07-23 23:00:00,2025-07-24 00:15:00,2025-07-24 00:15:00,Single-Day-Ranged,75.0,Evening,2,Summer,"334 Amsterdam Ave, New York, NY 10023, USA",10023,40.7811751,-73.9801526,,80.0,4.38112550763875,40.0,3.50172413793103,40.0,3.84222591976336,151468.0,65706,43.0,Music,Adults / Professionals (25 to 45),Relaxed,No,Yes,21.05
3066692c,Stacy Mitchhart,https://www.eventbrite.com/e/stacy-mitchhart-tickets-1296112480319,2025-07-27 23:00:00,2025-07-27 23:00:00,,,Single-Day-Instant,,Evening,6,Summer,"125 MacDougal St, New York, NY 10012, USA",10012,40.7306014,-74.0001954,,80.0,4.31270178533248,41.0,3.77660550458716,40.0,4.30792733278282,126890.0,21216,34.8,Music,Adults / Professionals (25 to 45),High-Energy,No,No,25.95
18e610d3,Classical Music Salon & Prima Social at the Historic Brownstone,https://www.eventbrite.com/e/classical-music-salon-prima-social-at-the-historic-brownstone-tickets-1343812793239,2025-07-26 22:30:00,2025-07-26 22:30:00,2025-07-27 01:30:00,2025-07-27 01:30:00,Single-Day-Ranged,180.0,Evening,5,Summer,"53 W 75th St, New York, NY 10023, USA",10023,40.7793726,-73.9765496,,80.0,4.38112550763875,40.0,3.50172413793103,40.0,3.84222591976336,151468.0,65706,43.0,Performing & Visual Arts,Adults / Professionals (25 to 45),Formal,Yes,Yes,106.42
447fdfc5,Indian Speed Dating - Meet Multiple Desi Dates In One Night,https://www.eventbrite.com/e/indian-speed-dating-meet-multiple-desi-dates-in-one-night-tickets-1101190583679,2025-09-13 21:30:00,2025-09-13 21:30:00,2025-09-14 00:00:00,2025-09-14 00:00:00,Single-Day-Ranged,150.0,Evening,5,,"157 E 55th St, Manhattan, NY 10022, USA",10022,40.759341,-73.968839,,80.0,4.33373398215734,40.0,4.65151798849806,41.0,3.96625229264316,161236.0,33586,48.6,Community,Young Adults (18 to 30),High-Energy,No,Yes,23.18
bc0e0f11,"""Rescue Me"" Singles Party: Mix and Mingle with NYC's Bravest Firefighters",https://www.eventbrite.com/e/rescue-me-singles-party-mix-and-mingle-with-nycs-bravest-firefighters-tickets-1280329573219,2025-07-24 23:00:00,2025-07-24 23:00:00,2025-07-26 03:59:00,2025-07-26 03:59:00,Multi-Day,1739.0,Evening,3,Summer,"2 Thompson St 2nd Fl, New York, NY 10013, USA",10013,40.7219417,-74.0049929,,80.0,4.30834596522515,40.0,2.91931216931217,41.0,4.12168080489248,150675.0,29453,40.2,Community,Young Adults (18 to 30),High-Energy,Yes,Yes,17.85
8bb50d5e,In-Person Class: Handmade Dumplings (NYC),https://www.eventbrite.com/e/in-person-class-handmade-dumplings-nyc-tickets-796000658397,2025-08-09 22:00:00,2025-08-09 22:00:00,2025-08-10 00:00:00,2025-08-10 00:00:00,Single-Day-Ranged,120.0,Evening,5,Summer,"52 W 36th St., New York, NY 10018, USA",10018,40.7504303,-73.985832,,80.0,4.2738168849237,43.0,3.95349143610013,40.0,3.83410380622837,149118.0,8659,33.2,Food & Drink,Adults / Professionals (25 to 45),Educational,No,Yes,64.8
862a8fb9,Wim Tapley & The Cannons,https://www.eventbrite.com/e/wim-tapley-the-cannons-tickets-1299906538449,2025-07-18 23:00:00,2025-07-18 23:00:00,2025-07-19 00:30:00,2025-07-19 00:30:00,Single-Day-Ranged,90.0,Evening,4,Summer,"125 MacDougal St, New York, NY 10012, USA",10012,40.7306014,-74.0001954,,80.0,4.31270178533248,41.0,3.77660550458716,40.0,4.30792733278282,126890.0,21216,34.8,Music,Young Adults (18 to 30),High-Energy,No,No,22.18
673dd3bd,UKRAINIAN ALL STARS BOAT IN MANHATTAN 2025,https://www.eventbrite.com/e/ukrainian-all-stars-boat-in-manhattan-2025-tickets-1342460167499,2025-07-26 23:00:00,2025-07-26 23:00:00,2025-07-27 16:30:00,2025-07-27 16:30:00,Multi-Day,1050.0,Evening,5,Summer,"W 42nd St &, 12th Ave, New York, NY 10036, USA",10036,40.7626847,-74.0014928,,80.0,4.24470553617218,44.0,3.87628947368421,40.0,4.17064473875709,102287.0,30930,39.3,Music,Adults / Professionals (25 to 45),High-Energy,No,Yes,65.87
6556ba54,WHITE MIX  BOAT PARTY CRUISE | NEW YORK CITY Statue of Liberty,https://www.eventbrite.com/e/white-mix-boat-party-cruise-new-york-city-statue-of-liberty-tickets-1145974864669,2025-07-27 02:00:00,2025-07-27 02:00:00,2025-07-27 05:00:00,2025-07-27 05:00:00,Multi-Day,180.0,Night,5,Summer,"299 South St, New York, NY 10002, USA",10002,40.7100148,-73.984406,,80.0,4.33058238148929,40.0,3.92413793103448,40.0,3.95071748878924,43362.0,76518,44.2,Travel & Outdoor,Young Adults (18 to 30),High-Energy,No,No,33.56
6af16e51,In-Person Class: Fresh Cavatelli Pasta with Pesto (NYC),https://www.eventbrite.com/e/in-person-class-fresh-cavatelli-pasta-with-pesto-nyc-tickets-1094879446899,2025-07-20 21:00:00,2025-07-20 21:00:00,2025-07-20 23:00:00,2025-07-20 23:00:00,Single-Day-Ranged,120.0,Evening,6,Summer,"205 E 42nd St Suite 1900, New York, NY 10017, USA",10017,40.7509381,-73.9735038,,80.0,4.30875737757218,40.0,4.68056176634992,41.0,4.08370764381403,139964.0,14486,41.2,Food & Drink,Young Adults (18 to 30),Educational,No,Yes,64.8
591ef52a,Infused Burrata Making,https://www.eventbrite.com/e/infused-burrata-making-tickets-1300995044199,2025-07-26 18:00:00,2025-07-26 18:00:00,2025-07-26 19:30:00,2025-07-26 19:30:00,Single-Day-Ranged,90.0,Afternoon,5,Summer,"254 Bleecker St, New York, NY 10014, USA",10014,40.7309772,-74.0030711,,80.0,4.52809762291035,41.0,3.32421652421652,40.0,4.18744994994995,147267.0,29461,39.8,Food & Drink,Young Adults (18 to 30),Relaxed,Yes,No,119.09
ceb042fd,In-Person Class: Hand Rolled Cavatelli Pasta (NYC),https://www.eventbrite.com/e/in-person-class-hand-rolled-cavatelli-pasta-nyc-tickets-760917754487,2025-07-24 22:30:00,2025-07-24 22:30:00,2025-07-25 00:30:00,2025-07-25 00:30:00,Single-Day-Ranged,120.0,Evening,3,Summer,"140 W 24 St, New York, NY 10011, USA",10011,40.7442595,-73.9941592,,80.0,4.56492459658005,41.0,3.2974269005848,40.0,4.23671866477583,145934.0,50772,42.5,Food & Drink,Adults / Professionals (25 to 45),Educational,No,No,64.8
3581df8c,Ren Kreyol,https://www.eventbrite.com/e/ren-kreyol-tickets-1256996463259,2025-10-04 23:00:00,2025-10-04 23:00:00,2025-10-05 03:30:00,2025-10-05 03:30:00,Single-Day-Ranged,270.0,Evening,5,,"275 Jay St, Brooklyn, NY 11201, USA",11201,40.6957321,-73.9865875,Downtown Brooklyn,80.0,4.24059732853069,41.0,3.38940594059406,40.0,4.02940698619009,163310.0,69755,35.1,Music,None,Relaxed,Yes,No,108.55
dcfaf8da,RED-CONNECT Real Estate Developers and Investors Dinner,https://www.eventbrite.com/e/red-connect-real-estate-developers-and-investors-dinner-tickets-1219728273099,2025-09-25 22:00:00,2025-09-25 22:00:00,2025-09-26 01:00:00,2025-09-26 01:00:00,Single-Day-Ranged,180.0,Evening,3,,"845 United Nations Plaza, New York, NY 10017, USA",10017,40.7524802,-73.9676576,,80.0,4.30875737757218,40.0,4.68056176634992,41.0,4.08370764381403,139964.0,14486,41.2,Business,Adults / Professionals (25 to 45),Formal,No,No,299.55
e4d459a2,Pool Party At The Summer Club,https://www.eventbrite.com/e/pool-party-at-the-summer-club-tickets-1316549648439,2025-07-26 16:00:00,2025-07-26 16:00:00,,,Single-Day-Instant,,Afternoon,5,Summer,"8-08 Queens Plaza S, Long Island City, NY 11101, USA",11101,40.7537922,-73.9494577,Long Island City,80.0,4.30008411136344,54.0,3.77257525083612,40.0,3.72388245033113,109625.0,34279,34.0,Music,Young Adults (18 to 30),High-Energy,No,Yes,21.05
0872c987,Poly Tantra Speed Date® - New York! (Poly/ENM) Poly/ENM Speed Dating,https://www.eventbrite.com/e/poly-tantra-speed-date-new-york-polyenm-polyenm-speed-dating-tickets-1231190627309,2025-07-23 22:30:00,2025-07-23 22:30:00,2025-07-24 01:30:00,2025-07-24 01:30:00,Single-Day-Ranged,180.0,Evening,2,Summer,"37 Warren St, New York, NY 10007, USA",10007,40.7143106,-74.0087438,,80.0,4.28188032010868,40.0,3.40919931856899,41.0,3.9085970852348,250001.0,7506,34.7,Performing & Visual Arts,Young Adults (18 to 30),Romantic,No,Yes,48.76
e6c4b3e7,ROYALTY AND LOYALTY @KINGDEZZO BIRTHDAY BASH,https://www.eventbrite.com/e/royalty-and-loyalty-kingdezzo-birthday-bash-tickets-1333409998199,2025-07-19 00:00:00,2025-07-19 00:00:00,2025-07-19 05:00:00,2025-07-19 05:00:00,Multi-Day,300.0,Evening,4,Summer,"130-35 91st Ave, Queens, NY 11418, USA",11418,40.6987241,-73.8194013,Richmond Hill,55.0,4.01667238421955,27.0,3.90960451977401,40.0,3.95384615384615,79101.0,38317,39.3,Music,Young Adults (18 to 30),High-Energy,No,Yes,33.85
7c0584e7,Kintsugi for Beginners,https://www.eventbrite.com/e/kintsugi-for-beginners-tickets-1246508212619,2025-07-19 19:30:00,2025-07-19 19:30:00,2025-07-19 21:30:00,2025-07-19 21:30:00,Single-Day-Ranged,120.0,Afternoon,5,Summer,"2940 N Lincoln Ave #2, Chicago, IL 60657, USA",60657,41.9351329,-87.6626389,Lake View,80.0,4.46618556701031,44.0,3.53125,40.0,4.28359009866713,105428.0,71192,30.9,Hobbies,Adults / Professionals (25 to 45),Educational,No,No,129.71
9d17da46,ALL WHITE & A SPLASH OF COLOR YACHT PARTY,https://www.eventbrite.com/e/all-white-a-splash-of-color-yacht-party-tickets-1308099513859,2025-07-26 16:30:00,2025-07-26 16:30:00,2025-07-26 20:30:00,2025-07-26 20:30:00,Single-Day-Ranged,240.0,Afternoon,5,Summer,"200 N Breakwater Access, Chicago, IL 60601, USA",60601,41.8879587,-87.6128952,Chicago Loop,80.0,4.32822515838457,40.0,3.82660256410256,40.0,4.34768441308531,121294.0,16398,31.8,Music,Young Adults (18 to 30),High-Energy,No,Yes,49.87
7a386f89,2025 SIU Day with the White Sox,https://www.eventbrite.com/e/2025-siu-day-with-the-white-sox-tickets-1144818255219,2025-07-26 19:00:00,2025-07-26 19:00:00,,,Single-Day-Instant,,Afternoon,5,Summer,"3259 S Princeton Ave, Chicago, IL 60616, USA",60616,41.834658,-87.6342839,Armour Square,20.0,3.62155486450466,37.0,3.39387755102041,40.0,4.02564102564103,72326.0,52707,37.6,Community,Adults / Professionals (25 to 45),Relaxed,No,Yes,17.12
6f219eee,CHICAGO SUMMER SOIREE!,https://www.eventbrite.com/e/chicago-summer-soiree-tickets-1344902994059,2025-07-20 00:00:00,2025-07-20 00:00:00,2025-07-20 05:00:00,2025-07-20 05:00:00,Multi-Day,300.0,Evening,5,Summer,"4325 N Ravenswood Ave, Chicago, IL 60613, USA",60613,41.9605362,-87.6736729,Lake View,75.0,4.29834343645485,44.0,3.10927419354839,40.0,4.38717992782265,92238.0,51961,33.7,Community,Adults / Professionals (25 to 45),Formal,Yes,No,49.19
c69b94d2,"2025 Hand, Wrist & Elbow Symposium",https://www.eventbrite.com/e/2025-hand-wrist-elbow-symposium-registration-1236007424479,2025-09-26 17:00:00,2025-09-26 17:00:00,2025-09-27 21:00:00,2025-09-27 21:00:00,Multi-Day,1680.0,Afternoon,4,,"Armour Academic Center, 600 S Paulina St #540, Chicago, IL 60612, USA",60612,41.8735328,-87.6694273,Near West Side,25.0,3.88294179156501,32.0,3.83357664233577,40.0,4.60387096774194,58858.0,34459,34.2,Science & Tech,Adults / Professionals (25 to 45),Educational,No,Yes,499.0
6fc09aea,Camp Shabbona Woods - Family Bike Camping Overnight,https://www.eventbrite.com/e/camp-shabbona-woods-family-bike-camping-overnight-tickets-1224351039919,2010-07-18 04:00:00,2010-07-18 04:00:00,2025-07-20 20:30:00,2025-07-20 20:30:00,Multi-Day,7893630.0,Night,6,Summer,"Clarence F. Buckingham Memorial Fountain, 301 S Columbus Dr, Chicago, IL 60605, USA",60605,41.8757944,-87.6189483,Chicago Loop,80.0,4.45749722138022,45.0,3.162,40.0,4.08553451858693,116462.0,34314,32.9,Travel & Outdoor,Families with Children,Adventurous,Yes,No,65.25
c512a7dd,Chicago Jevan Saathi Matrimony in person,https://www.eventbrite.com/e/chicago-jevan-saathi-matrimony-in-person-tickets-982541196167,2025-07-26 17:30:00,2025-07-26 17:30:00,2025-07-26 21:00:00,2025-07-26 21:00:00,Single-Day-Ranged,210.0,Afternoon,5,Summer,"323 E Wacker Dr, Chicago, IL 60601, USA",60601,41.8873928,-87.6194841,Chicago Loop,80.0,4.32822515838457,40.0,3.82660256410256,40.0,4.34768441308531,121294.0,16398,31.8,Community,Adults / Professionals (25 to 45),Relaxed,Yes,Yes,49.0
816751b5,Tantra Speed Date® - Chicago! (Meet Singles Speed Dating),https://www.eventbrite.com/e/tantra-speed-date-chicago-meet-singles-speed-dating-tickets-1231120868659,2025-07-19 21:30:00,2025-07-19 21:30:00,2025-07-20 00:30:00,2025-07-20 00:30:00,Single-Day-Ranged,180.0,Evening,5,Summer,"2528 W Armitage Ave, Chicago, IL 60647, USA",60647,41.9177229,-87.6913265,Logan Square,74.0,4.57011259336331,35.0,3.58208955223881,40.0,4.66592224979322,97550.0,85685,32.7,Performing & Visual Arts,Young Adults (18 to 30),Romantic,No,Yes,45.0
3fc92494,Chicago Scene Boat Party Weekend 2025 Registration,https://www.eventbrite.com/e/chicago-scene-boat-party-weekend-2025-registration-tickets-1123888152719,2025-07-25 23:00:00,2025-07-25 23:00:00,2025-07-28 03:00:00,2025-07-28 03:00:00,Multi-Day,3120.0,Evening,4,Summer,"600 N Lake Shore Dr, Chicago, IL 60611, USA",60611,41.893597,-87.6124693,,80.0,4.40593294588359,40.0,3.82990654205607,40.0,4.10039676241866,126812.0,35247,38.3,"Auto, Boat & Air",Adults / Professionals (25 to 45),High-Energy,Yes,Yes,106.47
5ee200f7,Dukes & Boots Skyline Yacht Cruise (Chicago),https://www.eventbrite.com/e/dukes-boots-skyline-yacht-cruise-chicago-tickets-1292924906199,2025-07-19 16:45:00,2025-07-19 16:45:00,2025-07-19 21:00:00,2025-07-19 21:00:00,Single-Day-Ranged,255.0,Afternoon,5,Summer,"200 N Breakwater Access, Chicago, IL 60601, USA",60601,41.8879587,-87.6128952,Chicago Loop,80.0,4.32822515838457,40.0,3.82660256410256,40.0,4.34768441308531,121294.0,16398,31.8,Travel & Outdoor,Young Adults (18 to 30),High-Energy,No,Yes,49.87
f5ab2808,Chicago Youth Awards 2025,https://www.eventbrite.com/e/chicago-youth-awards-2025-tickets-1013543665387,2025-07-27 19:00:00,2025-07-27 19:00:00,2025-07-27 23:00:00,2025-07-27 23:00:00,Single-Day-Ranged,240.0,Afternoon,6,Summer,"5628 W Washington Blvd p 5628, Chicago, IL 60644, USA",60644,41.8823805,-87.7664123,Austin,25.0,3.81403680182381,30.0,3.26153846153846,40.0,4.09148360932747,34177.0,49445,35.6,Community,Teens / High School Students,Formal,No,Yes,17.85
6ac6efc5,Wine Fest on the Beach - Wine Tasting at North Ave. Beach,https://www.eventbrite.com/e/wine-fest-on-the-beach-wine-tasting-at-north-ave-beach-tickets-1228397974409,2025-08-21 22:00:00,2025-08-21 22:00:00,2025-08-22 01:00:00,2025-08-22 01:00:00,Single-Day-Ranged,180.0,Evening,3,Summer,"1603 N Jean Baptiste Pointe du Sable Lake Shore Dr, Chicago, IL 60610, USA",60610,41.9148939,-87.6264129,Lincoln Park,80.0,4.38699343951663,44.0,3.32347826086957,40.0,4.43511300360301,106277.0,42904,32.3,Food & Drink,Adults / Professionals (25 to 45),Relaxed,Yes,No,31.26
cc3478b3,Butoh Dance Workshop,https://www.eventbrite.com/e/butoh-dance-workshop-tickets-1313612352909,2025-07-19 22:30:00,2025-07-19 22:30:00,2025-07-20 01:00:00,2025-07-20 01:00:00,Single-Day-Ranged,150.0,Evening,5,Summer,"2940 N Lincoln Ave #2, Chicago, IL 60657, USA",60657,41.9351329,-87.6626389,Lake View,80.0,4.46618556701031,44.0,3.53125,40.0,4.28359009866713,105428.0,71192,30.9,Performing & Visual Arts,Adults / Professionals (25 to 45),Educational,No,No,28.45
d3ca1459,Master the Runway with Supermodel Sharaun : Teen 16 and under Edition!,https://www.eventbrite.com/e/master-the-runway-with-supermodel-sharaun-teen-16-and-under-edition-tickets-1319132634219,2025-07-19 18:00:00,2025-07-19 18:00:00,2025-07-19 21:00:00,2025-07-19 21:00:00,Single-Day-Ranged,180.0,Afternoon,5,Summer,"Water Tower Place (FashionBar, Level 3, 835 N Michigan Ave #4025, Chicago, IL 60611, USA",60611,41.8980716,-87.6228029,Streeterville,80.0,4.40593294588359,40.0,3.82990654205607,40.0,4.10039676241866,126812.0,35247,38.3,Fashion,Teens / High School Students,Educational,No,Yes,135.23
683fec47,65th Dearborn Garden Walk in Chicago's Near North/Gold Coast,https://www.eventbrite.com/e/65th-dearborn-garden-walk-in-chicagos-near-northgold-coast-tickets-1351514017809,2025-07-20 16:00:00,2025-07-20 16:00:00,2025-07-20 21:00:00,2025-07-20 21:00:00,Single-Day-Ranged,300.0,Afternoon,6,Summer,"45 W North Blvd, Chicago, IL 60610, USA",60610,41.9110544,-87.6305764,Gold Coast,80.0,4.38699343951663,44.0,3.32347826086957,40.0,4.43511300360301,106277.0,42904,32.3,Home & Lifestyle,Adults / Professionals (25 to 45),Relaxed,No,Yes,33.85
11aa46d2,The Bloom Fashion Show,https://www.eventbrite.com/e/the-bloom-fashion-show-tickets-1280996708639,2025-08-24 21:00:00,2025-08-24 21:00:00,2025-08-25 00:00:00,2025-08-25 00:00:00,Single-Day-Ranged,180.0,Evening,6,Summer,"1801 W Berteau Ave p 1801, Chicago, IL 60613, USA",60613,41.9577814,-87.6744133,North Center,75.0,4.29834343645485,44.0,3.10927419354839,40.0,4.38717992782265,92238.0,51961,33.7,Fashion,None,None,No,Yes,44.52
a3037ded,Alvin Kuai LIVE in Chicago,https://www.eventbrite.com/e/alvin-kuai-live-in-chicago-tickets-1113074629179,2025-07-26 00:00:00,2025-07-26 00:00:00,2025-07-26 01:30:00,2025-07-26 01:30:00,Single-Day-Ranged,90.0,Evening,4,Summer,"2040 N Milwaukee Ave, Chicago, IL 60647, USA",60647,41.9183341,-87.6901171,Logan Square,74.0,4.57011259336331,35.0,3.58208955223881,40.0,4.66592224979322,97550.0,85685,32.7,Performing & Visual Arts,Young Adults (18 to 30),High-Energy,No,No,29.53
bc45eefb,Pretty N Pink Weekend,https://www.eventbrite.com/e/pretty-n-pink-weekend-tickets-1210123645399,2025-07-17 23:00:00,2025-07-17 23:00:00,2025-07-18 02:00:00,2025-07-18 02:00:00,Single-Day-Ranged,180.0,Evening,3,Summer,"1411 E 53rd St, Chicago, IL 60615, USA",60615,41.7993353,-87.5914027,Hyde Park,34.0,4.07609680495947,29.0,4.50322580645161,40.0,4.22391423859263,56518.0,42780,34.7,Community,Young Adults (18 to 30),Relaxed,No,No,3.22
96d6f221,"Intentional Home: Space Clearing, Altars, and Everyday Ritual",https://www.eventbrite.com/e/intentional-home-space-clearing-altars-and-everyday-ritual-tickets-1316931500569,2025-07-18 22:30:00,2025-07-18 22:30:00,2025-07-19 00:00:00,2025-07-19 00:00:00,Single-Day-Ranged,90.0,Evening,4,Summer,"4041 N Milwaukee Ave #301, Chicago, IL 60641, USA",60641,41.9544838,-87.7485312,Portage Park,50.0,4.05085461689587,26.0,2.97,40.0,4.5011214953271,79884.0,68968,37.3,Home & Lifestyle,None,Spiritual,Yes,No,55.2
513fa11b,"Dance2Fit Master Class w/ Jessica James in Chicago, IL",https://www.eventbrite.com/e/dance2fit-master-class-w-jessica-james-in-chicago-il-tickets-1349812027109,2025-07-29 23:30:00,2025-07-29 23:30:00,2025-07-30 00:30:00,2025-07-30 00:30:00,Single-Day-Ranged,60.0,Evening,1,Summer,"3121 N Rockwell St, Chicago, IL 60618, USA",60618,41.9384904,-87.692231,Avondale,61.0,4.47159100171163,26.0,3.5628,40.0,4.4742061281337,100976.0,92235,35.4,Sports & Fitness,Young Adults (18 to 30),High-Energy,No,Yes,20.52
bdad4a7e,Ohenewaa’s AfroBrunch at the Playen,https://www.eventbrite.com/e/ohenewaas-afrobrunch-at-the-playen-tickets-1296295417489,2025-07-20 18:00:00,2025-07-20 18:00:00,2025-07-20 23:00:00,2025-07-20 23:00:00,Single-Day-Ranged,300.0,Afternoon,6,Summer,"Chicago, IL 60616, USA",60616,41.8346751,-87.6052473,Douglas,20.0,3.62155486450466,37.0,3.39387755102041,40.0,4.02564102564103,72326.0,52707,37.6,"Auto, Boat & Air",Young Adults (18 to 30),High-Energy,Yes,No,39.19
d3787524,Damn Near Famous Comedy Show,https://www.eventbrite.com/e/damn-near-famous-comedy-show-tickets-1299531637109,2025-08-06 23:00:00,2025-08-06 23:00:00,2025-08-07 00:30:00,2025-08-07 00:30:00,Single-Day-Ranged,90.0,Evening,2,Summer,"2040 N Milwaukee Ave, Chicago, IL 60647, USA",60647,41.9183341,-87.6901171,Logan Square,74.0,4.57011259336331,35.0,3.58208955223881,40.0,4.66592224979322,97550.0,85685,32.7,Performing & Visual Arts,Young Adults (18 to 30),High-Energy,No,Yes,23.88
67b278c0,Cyanotype Wall Hangings,https://www.eventbrite.com/e/cyanotype-wall-hangings-tickets-1329230918459,2025-07-27 17:00:00,2025-07-27 17:00:00,2025-07-27 20:00:00,2025-07-27 20:00:00,Single-Day-Ranged,180.0,Afternoon,6,Summer,"4150 N Elston Ave, Chicago, IL 60618, USA",60618,41.9561821,-87.7229944,Irving Park,61.0,4.47159100171163,26.0,3.5628,40.0,4.4742061281337,100976.0,92235,35.4,Performing & Visual Arts,Adults / Professionals (25 to 45),Educational,No,Yes,71.21
553aed64,"Yoga Beyond Poses: Creativity, Movement, and Reflection",https://www.eventbrite.com/e/yoga-beyond-poses-creativity-movement-and-reflection-tickets-1338398880079,2010-07-26 04:00:00,2010-07-26 04:00:00,2025-07-26 15:15:00,2025-07-26 15:15:00,Single-Day-Ranged,7890435.0,Night,0,Summer,"4028 W Irving Park Rd Lot B, Chicago, IL 60641, USA",60641,41.9538788,-87.7287015,Old Irving Park,50.0,4.05085461689587,26.0,2.97,40.0,4.5011214953271,79884.0,68968,37.3,Health,Adults / Professionals (25 to 45),Relaxed,No,No,30.0
71faf5ea,Fireworks  Summer Yacht Cruise (Chicago) FT: Power 92s DJ Nehpets,https://www.eventbrite.com/e/fireworks-summer-yacht-cruise-chicago-ft-power-92s-dj-nehpets-tickets-1293039729639,2025-07-26 22:45:00,2025-07-26 22:45:00,2025-07-27 03:00:00,2025-07-27 03:00:00,Single-Day-Ranged,255.0,Evening,5,Summer,"200 N Breakwater Access, Chicago, IL 60601, USA",60601,41.8879587,-87.6128952,Chicago Loop,80.0,4.32822515838457,40.0,3.82660256410256,40.0,4.34768441308531,121294.0,16398,31.8,Music,Young Adults (18 to 30),High-Energy,No,Yes,81.88
b4cdf976,The Odyssey of Homer - LIVE in Chicago,https://www.eventbrite.com/e/the-odyssey-of-homer-live-in-chicago-tickets-1267597882389,2025-07-26 22:00:00,2025-07-26 22:00:00,2025-07-26 23:30:00,2025-07-26 23:30:00,Single-Day-Ranged,90.0,Evening,5,Summer,"2040 N Milwaukee Ave, Chicago, IL 60647, USA",60647,41.9183341,-87.6901171,Logan Square,74.0,4.57011259336331,35.0,3.58208955223881,40.0,4.66592224979322,97550.0,85685,32.7,Performing & Visual Arts,Adults / Professionals (25 to 45),Relaxed,No,Yes,23.88
da37618c,Haymarket Martyrs Monument & Radical Row Tour,https://www.eventbrite.com/e/haymarket-martyrs-monument-radical-row-tour-tickets-1058734917639,2025-02-19 05:00:00,2025-02-19 05:00:00,2025-08-02 16:00:00,2025-08-02 16:00:00,Single-Day-Ranged,236820.0,Night,1,,"863 Des Plaines Ave, Forest Park, IL 60130, USA",60130,41.8697985,-87.8197771,,13.0,3.97828995297702,22.0,3.89061224489796,40.0,3.88498014482597,78625.0,14165,42.2,Community,Adults / Professionals (25 to 45),Educational,No,No,12.51
a2eaa15b,Hustlers Comedy,https://www.eventbrite.com/e/hustlers-comedy-tickets-1281258200769,2025-08-01 23:30:00,2025-08-01 23:30:00,2025-08-02 01:30:00,2025-08-02 01:30:00,Single-Day-Ranged,120.0,Evening,4,Summer,"3716 W Fullerton Ave, Chicago, IL 60647, USA",60647,41.9247174,-87.7202393,Logan Square,74.0,4.57011259336331,35.0,3.58208955223881,40.0,4.66592224979322,97550.0,85685,32.7,Performing & Visual Arts,Young Adults (18 to 30),High-Energy,No,Yes,23.18
2913a05b,Obscuro: Year 3 (The Blackening),https://www.eventbrite.com/e/obscuro-year-3-the-blackening-tickets-978381624777,2025-07-19 01:30:00,2025-07-19 01:30:00,2025-07-21 06:30:00,2025-07-21 06:30:00,Multi-Day,3180.0,Night,4,Summer,"3201 Atlanta Industrial Pkwy NW #208, Atlanta, GA 30331, USA",30331,33.7913044,-84.4954609,,7.0,4.09239742558327,5.0,3.53846153846154,40.0,3.94925373134328,60748.0,64295,37.7,Performing & Visual Arts,Young Adults (18 to 30),High-Energy,No,Yes,145.9
5c9c7abd,Tropical Cocktail Fest on the Beach - Cocktail Tasting at North Ave. Beach,https://www.eventbrite.com/e/tropical-cocktail-fest-on-the-beach-cocktail-tasting-at-north-ave-beach-tickets-1228267022729,2025-09-12 22:00:00,2025-09-12 22:00:00,2025-09-13 01:00:00,2025-09-13 01:00:00,Single-Day-Ranged,180.0,Evening,4,,"1603 N Jean Baptiste Pointe du Sable Lake Shore Dr, Chicago, IL 60610, USA",60610,41.9148939,-87.6264129,Lincoln Park,80.0,4.38699343951663,44.0,3.32347826086957,40.0,4.43511300360301,106277.0,42904,32.3,Food & Drink,Adults / Professionals (25 to 45),Relaxed,Yes,Yes,31.26
1623cdcf,Sangria Fest on the Beach - Sangria Tasting at North Ave. Beach,https://www.eventbrite.com/e/sangria-fest-on-the-beach-sangria-tasting-at-north-ave-beach-tickets-1230473341889,2025-09-20 22:00:00,2025-09-20 22:00:00,2025-09-21 01:00:00,2025-09-21 01:00:00,Single-Day-Ranged,180.0,Evening,5,,"1603 N Jean Baptiste Pointe du Sable Lake Shore Dr, Chicago, IL 60610, USA",60610,41.9148939,-87.6264129,Lincoln Park,80.0,4.38699343951663,44.0,3.32347826086957,40.0,4.43511300360301,106277.0,42904,32.3,Food & Drink,Young Adults (18 to 30),Relaxed,Yes,No,31.26
2dcabcb0,In-person class: Authentic Dumplings from Scratch (Chicago),https://www.eventbrite.com/e/in-person-class-authentic-dumplings-from-scratch-chicago-tickets-882620229867,2025-08-30 21:00:00,2025-08-30 21:00:00,,,Single-Day-Instant,,Evening,5,Summer,"1922 W Foster Ave p 1922, Chicago, IL 60640, USA",60640,41.976243,-87.6774482,Lincoln Square,80.0,4.34321104510738,45.0,3.89415730337079,40.0,4.27742047026279,69397.0,67317,37.4,Food & Drink,Adults / Professionals (25 to 45),Relaxed,Yes,No,81.88
641fcaf1,"Chicago, IL - Spits, Sips & Smokes Tour",https://www.eventbrite.com/e/chicago-il-spits-sips-smokes-tour-tickets-687400131297,2025-11-09 23:00:00,2025-11-09 23:00:00,2025-11-10 03:00:00,2025-11-10 03:00:00,Single-Day-Ranged,240.0,Evening,6,,"312 N Wacker Dr, Chicago, IL 60601, USA",60601,41.877936,-87.634818,Chicago Loop,80.0,4.32822515838457,40.0,3.82660256410256,40.0,4.34768441308531,121294.0,16398,31.8,Performing & Visual Arts,Adults / Professionals (25 to 45),Relaxed,No,Yes,25.5
223e0cc5,Class! With Sara Benincasa & Chad the Bird,https://www.eventbrite.com/e/class-with-sara-benincasa-chad-the-bird-tickets-1116588178299,2025-09-18 00:00:00,2025-09-18 00:00:00,2025-09-18 01:30:00,2025-09-18 01:30:00,Single-Day-Ranged,90.0,Evening,2,,"2040 N Milwaukee Ave, Chicago, IL 60647, USA",60647,41.9183341,-87.6901171,Logan Square,74.0,4.57011259336331,35.0,3.58208955223881,40.0,4.66592224979322,97550.0,85685,32.7,Performing & Visual Arts,Young Adults (18 to 30),High-Energy,No,Yes,12.33
c8d2b7a4,Slumber Party! A Comedy Show for Gossip Lovers,https://www.eventbrite.com/e/slumber-party-a-comedy-show-for-gossip-lovers-tickets-925511298207,2025-08-17 01:30:00,2025-08-17 01:30:00,,,Single-Day-Instant,,Night,5,Summer,"2040 N Milwaukee Ave, Chicago, IL 60647, USA",60647,41.9183341,-87.6901171,Logan Square,74.0,4.57011259336331,35.0,3.58208955223881,40.0,4.66592224979322,97550.0,85685,32.7,Performing & Visual Arts,Young Adults (18 to 30),Relaxed,No,No,17.98
be50ce94,the kates,https://www.eventbrite.com/e/the-kates-tickets-1131255398349,2025-08-01 23:30:00,2025-08-01 23:30:00,2025-08-02 01:00:00,2025-08-02 01:00:00,Single-Day-Ranged,90.0,Evening,4,Summer,"2040 N Milwaukee Ave, Chicago, IL 60647, USA",60647,41.9183341,-87.6901171,Logan Square,74.0,4.57011259336331,35.0,3.58208955223881,40.0,4.66592224979322,97550.0,85685,32.7,Performing & Visual Arts,Young Adults (18 to 30),High-Energy,No,Yes,17.98
51c8373b,Open Cabaret,https://www.eventbrite.com/e/open-cabaret-tickets-1035047203047,2025-08-26 23:30:00,2025-08-26 23:30:00,2025-08-27 01:30:00,2025-08-27 01:30:00,Single-Day-Ranged,120.0,Evening,1,Summer,"956 W Newport Ave, Chicago, IL 60657, USA",60657,41.9446298,-87.6539594,Lake View East,80.0,4.46618556701031,44.0,3.53125,40.0,4.28359009866713,105428.0,71192,30.9,Performing & Visual Arts,None,None,No,No,28.52
25194696,The Nudie Nubie Show: An Amateur Reveal,https://www.eventbrite.com/e/the-nudie-nubie-show-an-amateur-reveal-tickets-1258585526189,2025-09-14 01:30:00,2025-09-14 01:30:00,2025-09-14 03:00:00,2025-09-14 03:00:00,Single-Day-Ranged,90.0,Night,5,,"956 W Newport Ave, Chicago, IL 60657, USA",60657,41.9446298,-87.6539594,Lake View East,80.0,4.46618556701031,44.0,3.53125,40.0,4.28359009866713,105428.0,71192,30.9,Performing & Visual Arts,Adults / Professionals (25 to 45),High-Energy,No,Yes,23.18
7dcd00ee,Domingo Delicioso Drag Brunch,https://www.eventbrite.com/e/domingo-delicioso-drag-brunch-tickets-1073547743199,2025-09-14 17:00:00,2025-09-14 17:00:00,2025-09-14 19:00:00,2025-09-14 19:00:00,Single-Day-Ranged,120.0,Afternoon,6,,"960 W 18th St, Chicago, IL 60608, USA",60608,41.8582389,-87.6510506,Lower West Side,49.0,4.45345785440613,25.0,3.31261261261261,40.0,4.68520848310568,66821.0,82749,34.1,Food & Drink,Young Adults (18 to 30),High-Energy,No,Yes,23.18
0b3254c5,Atlanta OMG Food Fest,https://www.eventbrite.com/e/atlanta-omg-food-fest-tickets-1218617711379,2025-08-09 18:00:00,2025-08-09 18:00:00,2025-08-10 02:00:00,2025-08-10 02:00:00,Single-Day-Ranged,480.0,Afternoon,5,Summer,"1380 Atlantic Dr NW, Atlanta, GA 30363, USA",30363,33.7924983,-84.3965182,Atlantic Station,52.0,4.19564832287134,37.0,3.38480392156863,40.0,4.15890783656415,103879.0,3277,33.2,Food & Drink,Young Adults (18 to 30),High-Energy,Yes,Yes,7.97
556586b3,Atlanta Summer Halal Food Fest,https://www.eventbrite.com/e/atlanta-summer-halal-food-fest-tickets-1298540151549,2025-07-19 16:00:00,2025-07-19 16:00:00,2025-07-19 23:00:00,2025-07-19 23:00:00,Single-Day-Ranged,420.0,Afternoon,5,Summer,"221 20th St, Atlanta, GA 30363, USA",30363,33.7946536,-84.3952684,Atlantic Station,52.0,4.19564832287134,37.0,3.38480392156863,40.0,4.15890783656415,103879.0,3277,33.2,Food & Drink,Families with Children,Relaxed,Yes,No,13.56
2e0b46a5,DEEP DISH  | Friday July 18th 2025  | District Atlanta,https://www.eventbrite.com/e/deep-dish-friday-july-18th-2025-district-atlanta-tickets-1299935695659,2025-07-19 02:00:00,2025-07-19 02:00:00,2025-07-19 05:00:00,2025-07-19 05:00:00,Multi-Day,180.0,Night,4,Summer,"269 Armour Dr NE, Atlanta, GA 30324, USA",30324,33.81211,-84.3786098,Buckhead,48.0,3.9201906779661,37.0,3.1831715210356,40.0,4.0812528370404,90455.0,29299,34.7,Music,Young Adults (18 to 30),High-Energy,No,Yes,35.01
4cb10313,BSIS BATON TRAINING,https://www.eventbrite.com/e/bsis-baton-training-tickets-810821267237,2025-08-07 19:00:00,2025-08-07 19:00:00,2025-08-08 01:00:00,2025-08-08 01:00:00,Single-Day-Ranged,360.0,Afternoon,3,Summer,"18429 S Avalon Blvd, Carson, CA 90746, USA",90746,33.8622213,-118.266595,,30.0,3.604,23.0,3.56335877862595,40.0,4.6,109596.0,27643,43.6,School Activities,Adults / Professionals (25 to 45),Educational,No,No,55.2
b64b3e2d,Joychella 2025,https://www.eventbrite.com/e/joychella-2025-tickets-1295383780759,2025-08-01 16:00:00,2025-08-01 16:00:00,2025-08-01 19:00:00,2025-08-01 19:00:00,Single-Day-Ranged,180.0,Afternoon,4,Summer,"John D. Milner Athletic Complex, 3009 Randall St, East Point, GA 30344, USA",30344,33.6732074,-84.4353186,,29.0,4.21650789033525,26.0,3.67728813559322,40.0,4.3980463980464,58710.0,35302,34.7,Community,Families with Children,High-Energy,Yes,Yes,10.0
046ef5f5,BELTRAN + CHASEWEST | Friday July  25th 2025  | District Atlanta,https://www.eventbrite.com/e/beltran-chasewest-friday-july-25th-2025-district-atlanta-tickets-1312909249909,2025-07-26 02:00:00,2025-07-26 02:00:00,2025-07-26 05:00:00,2025-07-26 05:00:00,Multi-Day,180.0,Night,4,Summer,"269 Armour Dr NE, Atlanta, GA 30324, USA",30324,33.81211,-84.3786098,Buckhead,48.0,3.9201906779661,37.0,3.1831715210356,40.0,4.0812528370404,90455.0,29299,34.7,Music,Young Adults (18 to 30),High-Energy,No,Yes,29.32
34f8277c,RnB in the Park Atlanta Vendor Registration,https://www.eventbrite.com/e/rnb-in-the-park-atlanta-vendor-registration-tickets-1054563581059,2025-07-19 18:00:00,2025-07-19 18:00:00,2025-07-20 02:00:00,2025-07-20 02:00:00,Single-Day-Ranged,480.0,Afternoon,5,Summer,"1320 Monroe Dr NE, Atlanta, GA 30306, USA",30306,33.7878823,-84.3722031,,49.0,4.5162781327347,30.0,3.3125,40.0,4.56843313564186,120679.0,24493,38.3,Music,Young Adults (18 to 30),High-Energy,No,Yes,321.96
24f9cd9a,8th Annual Florida Day In Atlanta,https://www.eventbrite.com/e/8th-annual-florida-day-in-atlanta-tickets-1236128496609,2025-07-26 01:00:00,2025-07-26 01:00:00,2025-07-28 02:00:00,2025-07-28 02:00:00,Multi-Day,2940.0,Night,4,Summer,"3535 Peachtree Rd Suite 520, Atlanta, GA 30326, USA",30326,33.8513685,-84.3582843,Buckhead,70.0,4.37247197038785,41.0,3.72727272727273,40.0,4.35115525352849,110208.0,8379,34.0,Music,Adults / Professionals (25 to 45),High-Energy,Yes,Yes,29.81
79f9589f,"UPTOWN LIVE PRESENTS : The Shell of a Man, A Unscripted Stage Play",https://www.eventbrite.com/e/uptown-live-presents-the-shell-of-a-man-a-unscripted-stage-play-tickets-1300177739619,2025-07-20 19:00:00,2025-07-20 19:00:00,2025-07-20 22:00:00,2025-07-20 22:00:00,Single-Day-Ranged,180.0,Afternoon,6,Summer,"1155 Virginia Ave, Hapeville, GA 30354, USA",30354,33.6592636,-84.4281387,,4.0,4.38839285714286,21.0,3.15714285714286,40.0,3.61278538812785,51424.0,15002,35.1,Performing & Visual Arts,None,None,No,Yes,33.47
f7bfba1e,"Iris Presents: Sanzu @ Wish Lounge | Fri, July 18th!",https://www.eventbrite.com/e/iris-presents-sanzu-wish-lounge-fri-july-18th-tickets-1205109788819,2025-07-19 02:00:00,2025-07-19 02:00:00,2025-07-19 05:00:00,2025-07-19 05:00:00,Multi-Day,180.0,Night,4,Summer,"181 Ralph David Abernathy Blvd, Atlanta, GA 30312, USA",30312,33.7370465,-84.3937309,Mechanicsville,38.0,4.42732688418867,40.0,3.49090909090909,40.0,4.38981652181547,70540.0,26263,32.1,Music,Young Adults (18 to 30),High-Energy,No,No,16.75
119b07f0,On the Brink of Breathing,https://www.eventbrite.com/e/on-the-brink-of-breathing-tickets-1352977695709,2025-07-19 16:00:00,2025-07-19 16:00:00,2025-07-19 20:00:00,2025-07-19 20:00:00,Single-Day-Ranged,240.0,Afternoon,5,Summer,"3335 M.L.K. Jr Dr SW, Atlanta, GA 30331, USA",30331,33.7556337,-84.4969043,Adamsville,7.0,4.09239742558327,5.0,3.53846153846154,40.0,3.94925373134328,60748.0,64295,37.7,Spirituality,Adults / Professionals (25 to 45),Spiritual,No,Yes,71.21
d1515501,"Iris Presents: Mad Dubz @ Wish Lounge | Fri, July 25th!",https://www.eventbrite.com/e/iris-presents-mad-dubz-wish-lounge-fri-july-25th-tickets-1302170349569,2025-07-26 02:00:00,2025-07-26 02:00:00,2025-07-26 05:00:00,2025-07-26 05:00:00,Multi-Day,180.0,Night,4,Summer,"181 Ralph David Abernathy Blvd, Atlanta, GA 30312, USA",30312,33.7370465,-84.3937309,Mechanicsville,38.0,4.42732688418867,40.0,3.49090909090909,40.0,4.38981652181547,70540.0,26263,32.1,Music,Young Adults (18 to 30),High-Energy,No,Yes,16.75
e3ace330,RnB Wing Festival,https://www.eventbrite.com/e/rnb-wing-festival-tickets-1255415003069,2025-08-16 20:00:00,2025-08-16 20:00:00,2025-08-17 01:00:00,2025-08-17 01:00:00,Single-Day-Ranged,300.0,Afternoon,5,Summer,"550 Mitchell St SW, Atlanta, GA 30313, USA",30313,33.7534351,-84.4050137,Atlanta University Center,69.0,4.19230548016608,45.0,3.86207524271845,40.0,4.14619458000208,64514.0,12119,21.8,Food & Drink,Young Adults (18 to 30),High-Energy,No,Yes,27.41
b55720ca,SASHA  | December 12th 2025  | District Atlanta,https://www.eventbrite.com/e/sasha-december-12th-2025-district-atlanta-tickets-1315116903059,2025-07-13 02:00:00,2025-07-13 02:00:00,2025-12-13 06:00:00,2025-12-13 06:00:00,Multi-Day,220560.0,Night,5,Summer,"269 Armour Dr NE, Atlanta, GA 30324, USA",30324,33.81211,-84.3786098,Buckhead,48.0,3.9201906779661,37.0,3.1831715210356,40.0,4.0812528370404,90455.0,29299,34.7,Music,Young Adults (18 to 30),High-Energy,No,No,35.01
4e3eeba4,Bourbon & Blues Wednesday Night Live,https://www.eventbrite.com/e/bourbon-blues-wednesday-night-live-tickets-1353955991819,2025-08-07 00:00:00,2025-08-07 00:00:00,2025-08-07 05:00:00,2025-08-07 05:00:00,Multi-Day,300.0,Evening,2,Summer,"495 Flat Shoals Ave SE, Atlanta, GA 30316, USA",30316,33.7404569,-84.3459906,East Atlanta,27.0,3.50435123480988,25.0,4.42633053221289,40.0,3.86809523809524,91135.0,33773,36.5,Music,Young Adults (18 to 30),High-Energy,No,No,12.51
330158e5,"All Cops Ain't Bad Comedy Show, Headlining Daryll Triplett",https://www.eventbrite.com/e/all-cops-aint-bad-comedy-show-headlining-daryll-triplett-tickets-1225818920389,2025-07-18 23:30:00,2025-07-18 23:30:00,2025-07-19 01:30:00,2025-07-19 01:30:00,Single-Day-Ranged,120.0,Evening,4,Summer,"1155 Virginia Ave, Hapeville, GA 30354, USA",30354,33.6592636,-84.4281387,,4.0,4.38839285714286,21.0,3.15714285714286,40.0,3.61278538812785,51424.0,15002,35.1,Performing & Visual Arts,Young Adults (18 to 30),High-Energy,No,Yes,25.0
9a19d3f1,Comic Camp,https://www.eventbrite.com/e/comic-camp-tickets-1338554445379,2025-07-21 05:00:00,2025-07-21 05:00:00,2025-07-25 20:00:00,2025-07-25 20:00:00,Multi-Day,6660.0,Night,0,Summer,"1050 Ralph David Abernathy Blvd SW, Atlanta, GA 30310, USA",30310,33.7376324,-84.4222606,West End,42.0,3.93703070924782,34.0,2.67714285714286,40.0,3.94033613445378,45641.0,25847,36.0,Hobbies,Teens / High School Students,Educational,Yes,Yes,300.0
7bf5be74,"Westside Market-Midtown, Atlanta, GA hosting Silhouettes by Edward Casey",https://www.eventbrite.com/e/westside-market-midtown-atlanta-ga-hosting-silhouettes-by-edward-casey-tickets-1259105742169,2025-10-05 17:00:00,2025-10-05 17:00:00,2025-10-05 20:00:00,2025-10-05 20:00:00,Single-Day-Ranged,180.0,Afternoon,6,,"1530 Ellsworth Industrial Blvd NW, Atlanta, GA 30318, USA",30318,33.7969853,-84.4274701,Blandtown,0.0,0.0,15.0,3.0,40.0,3.8818858560794,69640.0,59559,30.6,Performing & Visual Arts,Families with Children,Relaxed,No,Yes,13.62
fbfa8026,In-person class: Fresh Pasta 101 (Atlanta),https://www.eventbrite.com/e/in-person-class-fresh-pasta-101-atlanta-tickets-1114833179049,2025-07-27 20:00:00,2025-07-27 20:00:00,2025-07-27 22:00:00,2025-07-27 22:00:00,Single-Day-Ranged,120.0,Afternoon,6,Summer,"1279 Seaboard Industrial Blvd NW, Atlanta, GA 30318, USA",30318,33.8077044,-84.4298716,Buckhead,0.0,0.0,15.0,3.0,40.0,3.8818858560794,69640.0,59559,30.6,Food & Drink,Adults / Professionals (25 to 45),Relaxed,No,No,64.8
a0cbf393,SouthEast Crab Feast- Atlanta (GA),https://www.eventbrite.com/e/southeast-crab-feast-atlanta-ga-tickets-1312324450759,2025-07-19 20:00:00,2025-07-19 20:00:00,,,Single-Day-Instant,,Afternoon,5,Summer,"923 Valley Brook Rd, Decatur, GA 30033, USA",30033,33.8060686,-84.2673602,Greater Valley Brook,24.0,3.8655814282681,23.0,3.70206611570248,40.0,3.74492355938847,105260.0,30971,39.1,Food & Drink,Families with Children,Relaxed,Yes,Yes,19.4
1282b1f6,Crypto Coin Day 7/20,https://www.eventbrite.com/e/crypto-coin-day-720-tickets-981255109447,2025-07-20 19:00:00,2025-07-20 19:00:00,2025-07-21 05:00:00,2025-07-21 05:00:00,Multi-Day,600.0,Afternoon,6,Summer,"182 Courtland St NE, Atlanta, GA 30303, USA",30303,33.7592928,-84.3843688,Peachtree Center,80.0,4.21475997281545,42.0,3.6978021978022,40.0,3.95926420129623,-666666666.0,5974,22.0,Science & Tech,Young Adults (18 to 30),High-Energy,Yes,Yes,107.48
86148115,"Iris Presents: Funtcase X Phaseone @ Believe Music Hall | Sat, July 26th!",https://www.eventbrite.com/e/iris-presents-funtcase-x-phaseone-believe-music-hall-sat-july-26th-tickets-1343053672689,2025-07-27 02:00:00,2025-07-27 02:00:00,2025-07-27 05:00:00,2025-07-27 05:00:00,Multi-Day,180.0,Night,5,Summer,"181 Ralph David Abernathy Blvd, Atlanta, GA 30312, USA",30312,33.7370465,-84.3937309,Mechanicsville,38.0,4.42732688418867,40.0,3.49090909090909,40.0,4.38981652181547,70540.0,26263,32.1,Music,Young Adults (18 to 30),High-Energy,No,Yes,24.05
50eb1f2b,Rewind | 1990s to Early 2010s Party,https://www.eventbrite.com/e/rewind-1990s-to-early-2010s-party-tickets-1249786568269,2025-07-20 20:00:00,2025-07-20 20:00:00,2025-07-21 01:00:00,2025-07-21 01:00:00,Single-Day-Ranged,300.0,Afternoon,6,Summer,"269 Armour Dr NE, Atlanta, GA 30324, USA",30324,33.81211,-84.3786098,Buckhead,48.0,3.9201906779661,37.0,3.1831715210356,40.0,4.0812528370404,90455.0,29299,34.7,Music,Young Adults (18 to 30),High-Energy,Yes,Yes,24.98
b419a64c,"Atlanta, GA:  Sex, Lies & Petty Sh!t (Poetry/Comedy Showcase)",https://www.eventbrite.com/e/atlanta-ga-sex-lies-petty-sht-poetrycomedy-showcase-tickets-1249550722849,2025-07-27 01:00:00,2025-07-27 01:00:00,2025-07-27 03:00:00,2025-07-27 03:00:00,Single-Day-Ranged,120.0,Night,5,Summer,"3535 Peachtree Rd Suite 520, Atlanta, GA 30326, USA",30326,33.8513685,-84.3582843,Buckhead,70.0,4.37247197038785,41.0,3.72727272727273,40.0,4.35115525352849,110208.0,8379,34.0,Performing & Visual Arts,Adults / Professionals (25 to 45),High-Energy,No,Yes,23.18
1c94a847,Friday and Saturday Exotic BYOB  Paint and Sip Atlanta,https://www.eventbrite.com/e/friday-and-saturday-exotic-byob-paint-and-sip-atlanta-tickets-1040022604607,2025-07-19 23:00:00,2025-07-19 23:00:00,2025-07-20 01:00:00,2025-07-20 01:00:00,Single-Day-Ranged,120.0,Evening,5,Summer,"1955 Campbellton Rd SW p 1955, Atlanta, GA 30311, USA",30311,33.7086047,-84.4531806,Venetian Hills,6.0,3.89627659574468,21.0,5.0,40.0,4.8859375,46988.0,32935,41.2,Hobbies,Young Adults (18 to 30),Relaxed,Yes,Yes,34.18
a6b513bb,"Westside Market-Toco Hill Atlanta, GA hosting Silhouettes by Edward Casey",https://www.eventbrite.com/e/westside-market-toco-hill-atlanta-ga-hosting-silhouettes-by-edward-casey-tickets-1259107718079,2025-12-07 17:00:00,2025-12-07 17:00:00,2025-12-07 20:00:00,2025-12-07 20:00:00,Single-Day-Ranged,180.0,Afternoon,6,,"2943 N Druid Hills Rd NE, Atlanta, GA 30329, USA",30329,33.8145362,-84.3119121,Toco Hills,34.0,4.23209332895169,30.0,3.37671957671958,40.0,4.19061224489796,69912.0,25986,30.4,Performing & Visual Arts,None,Relaxed,No,Yes,13.51
96f995d2,2025 Understanding Fair Housing: In-Person and Virtual Conference,https://www.eventbrite.com/e/2025-understanding-fair-housing-in-person-and-virtual-conference-registration-1297755304049,2025-08-07 17:00:00,2025-08-07 17:00:00,2025-08-08 21:00:00,2025-08-08 21:00:00,Multi-Day,1680.0,Afternoon,3,Summer,"77 Forsyth St SW, Atlanta, GA 30303, USA",30303,33.7528122,-84.3944884,South Downtown,80.0,4.21475997281545,42.0,3.6978021978022,40.0,3.95926420129623,-666666666.0,5974,22.0,Government,Adults / Professionals (25 to 45),Educational,No,Yes,117.05
f749d50d,✨ Bonding Over Business Brunch: Raising Fibroid Awareness ✨,https://www.eventbrite.com/e/bonding-over-business-brunch-raising-fibroid-awareness-tickets-1351991144909,2025-09-27 18:00:00,2025-09-27 18:00:00,2025-09-27 22:00:00,2025-09-27 22:00:00,Single-Day-Ranged,240.0,Afternoon,5,,"75 John Wesley Dobbs Ave NE p 75, Atlanta, GA 30303, USA",30303,33.7568709,-84.3851694,Hotel District,80.0,4.21475997281545,42.0,3.6978021978022,40.0,3.95926420129623,-666666666.0,5974,22.0,Charity & Causes,Adults / Professionals (25 to 45),Professional,Yes,Yes,89.17
ec75540e,The Haus of Feratu Vampyre Fete: Ophidian's Labyrinth | ATL,https://www.eventbrite.com/e/the-haus-of-feratu-vampyre-fete-ophidians-labyrinth-atl-tickets-813594652507,2026-07-18 22:00:00,2026-07-18 22:00:00,,,Single-Day-Instant,,Evening,5,Summer,"817 W Peachtree St NW #208, Atlanta, GA 30308, USA",30308,33.7769118,-84.3868165,Midtown Atlanta,67.0,4.19116905759063,46.0,3.48707224334601,40.0,4.3449565679844,78429.0,23377,31.4,Fashion,Young Adults (18 to 30),High-Energy,Yes,Yes,76.54
4caca980,Atlanta Exotic Paintings  Weekend Wine and Paint Models BYOB,https://www.eventbrite.com/e/atlanta-exotic-paintings-weekend-wine-and-paint-models-byob-registration-1257488705569,2025-10-04 23:00:00,2025-10-04 23:00:00,2025-10-05 01:00:00,2025-10-05 01:00:00,Single-Day-Ranged,120.0,Evening,5,,"1955 Campbellton Rd SW p 1955, Atlanta, GA 30311, USA",30311,33.7086047,-84.4531806,Venetian Hills,6.0,3.89627659574468,21.0,5.0,40.0,4.8859375,46988.0,32935,41.2,Performing & Visual Arts,Adults / Professionals (25 to 45),Relaxed,No,Yes,36.47
fe3da960,"Speed Puzzling at New Realm Brewing in Atlanta, GA",https://www.eventbrite.com/e/speed-puzzling-at-new-realm-brewing-in-atlanta-ga-tickets-1345123754359,2025-09-24 23:00:00,2025-09-24 23:00:00,2025-09-25 01:00:00,2025-09-25 01:00:00,Single-Day-Ranged,120.0,Evening,2,,"550 Somerset Terrace NE #101, Atlanta, GA 30306, USA",30306,33.7689733,-84.3619644,Poncey-Highland,49.0,4.5162781327347,30.0,3.3125,40.0,4.56843313564186,120679.0,24493,38.3,Hobbies,Adults / Professionals (25 to 45),High-Energy,Yes,No,27.23
251de099,"Rossandro Klinjey em Miami - Palestra ""Quatro Estações da Alma""",https://www.eventbrite.com/e/rossandro-klinjey-em-miami-palestra-quatro-estacoes-da-alma-tickets-1197252848499,2025-10-01 23:00:00,2025-10-01 23:00:00,2025-10-02 01:30:00,2025-10-02 01:30:00,Single-Day-Ranged,150.0,Evening,2,,"Stanford Dr #1280, Coral Gables, FL 33146, USA",33146,25.7187484,-80.2758138,Riviera,34.0,4.14359391965255,30.0,4.5,40.0,4.66315171441991,125720.0,17962,22.2,Spirituality,Adults / Professionals (25 to 45),Educational,No,No,40.25
72ff6aa0,17th Annual Miami Takeover 2025: Weekend Party Pass,https://www.eventbrite.com/e/17th-annual-miami-takeover-2025-weekend-party-pass-tickets-1274868127889,2025-07-25 18:00:00,2025-07-25 18:00:00,2025-07-28 16:00:00,2025-07-28 16:00:00,Multi-Day,4200.0,Afternoon,4,Summer,"1437 Collins Ave, Miami Beach, FL 33139, USA",33139,25.7870905,-80.1300352,South Beach,63.0,3.96878045335781,35.0,4.10545454545455,40.0,4.00317216679458,60971.0,35100,41.7,Community,Young Adults (18 to 30),High-Energy,No,Yes,160.83
afe4d0a8,Coast 2 Coast Music Conference,https://www.eventbrite.com/e/coast-2-coast-music-conference-tickets-759369674137,2025-12-14 16:00:00,2025-12-14 16:00:00,,,Single-Day-Instant,,Afternoon,6,,"212 NE 59th Terrace, Miami, FL 33137, USA",33137,25.830386,-80.1913205,,20.0,4.24700294792008,24.0,4.0184,40.0,4.22960969044415,71348.0,25283,34.3,Music,Young Adults (18 to 30),Professional,No,No,60.12
88420e5b,Tantra Speed Date® - Miami! (Meet Singles Speed Dating),https://www.eventbrite.com/e/tantra-speed-date-miami-meet-singles-speed-dating-tickets-1231190607249,2025-07-22 22:30:00,2025-07-22 22:30:00,2025-07-23 01:30:00,2025-07-23 01:30:00,Single-Day-Ranged,180.0,Evening,1,Summer,"390 NE 59th Terrace, Miami, FL 33137, USA",33137,25.8305633,-80.1885309,,20.0,4.24700294792008,24.0,4.0184,40.0,4.22960969044415,71348.0,25283,34.3,Performing & Visual Arts,Young Adults (18 to 30),Romantic,No,Yes,49.93
7790965e,"Unlock Your Communication Potential in 1 Day Workshop in Miami, FL",https://www.eventbrite.com/e/unlock-your-communication-potential-in-1-day-workshop-in-miami-fl-tickets-1351349505749,2025-07-16 02:00:00,2025-07-16 02:00:00,2025-08-15 21:00:00,2025-08-15 21:00:00,Single-Day-Ranged,44340.0,Night,1,Summer,"1221 Brickell Ave Brickell, Suite 900, Miami, FL 33131, USA",33131,25.7612274,-80.1910809,Brickell,80.0,4.42008502008502,40.0,4.18079710144927,40.0,4.40765059074182,121730.0,22540,35.4,School Activities,Adults / Professionals (25 to 45),Educational,Yes,No,662.13
dc7bbec0,2025 Los Angeles Brewsology,https://www.eventbrite.com/e/2025-los-angeles-brewsology-tickets-1319197257509,2025-07-26 23:00:00,2025-07-26 23:00:00,2025-07-27 03:00:00,2025-07-27 03:00:00,Single-Day-Ranged,240.0,Evening,5,Summer,"700 Exposition Park Dr, Los Angeles, CA 90037, USA",90037,34.015564,-118.286117,South Los Angeles,40.0,4.07851896367521,28.0,3.81190965092402,40.0,4.07640027322404,52238.0,69064,32.4,Food & Drink,Adults / Professionals (25 to 45),High-Energy,No,Yes,40.07
6bb8fe25,One Vision of Queen,https://www.eventbrite.com/e/one-vision-of-queen-tickets-933955715687,2025-08-09 23:00:00,2025-08-09 23:00:00,2025-08-10 02:00:00,2025-08-10 02:00:00,Single-Day-Ranged,180.0,Evening,5,Summer,"4401 W 8th St, Los Angeles, CA 90005, USA",90005,34.0607017,-118.3251495,Central LA,80.0,4.25559173203098,45.0,3.990093708166,41.0,4.13154578902273,49226.0,37754,35.3,Music,Adults / Professionals (25 to 45),High-Energy,No,Yes,39.0
4e2ff123,DIVORCED DAD ROCK NIGHT Los Angeles  SAT AUGUST  9TH  @ CATCH ONE,https://www.eventbrite.com/e/divorced-dad-rock-night-los-angeles-sat-august-9th-catch-one-tickets-1278621885479,2025-08-10 01:00:00,2025-08-10 01:00:00,2025-08-10 05:00:00,2025-08-10 05:00:00,Multi-Day,240.0,Night,5,Summer,"4067 W Pico Blvd, Los Angeles, CA 90019, USA",90019,34.0478213,-118.3241408,Arlington Heights,33.0,4.22881667688535,30.0,4.08891509433962,40.0,3.74712643678161,65972.0,59410,38.8,Music,Adults / Professionals (25 to 45),Relaxed,No,No,11.64
d168f593,"The Beatles' ""Revolver"" live & complete + best of Badfinger. 3:00p NEW DATE",https://www.eventbrite.com/e/the-beatles-revolver-live-complete-best-of-badfinger-300p-new-date-tickets-1270086004429,2025-08-02 19:00:00,2025-08-02 19:00:00,,,Single-Day-Instant,,Afternoon,5,Summer,"800 W Olympic Blvd, Los Angeles, CA 90015, USA",90015,34.0446623,-118.2646356,Downtown Los Angeles,70.0,4.33160465450366,45.0,3.87722908093278,40.0,4.440836151245,61959.0,25554,32.0,Music,Adults / Professionals (25 to 45),High-Energy,No,Yes,65.87
718779dd,"The Beatles' ""Revolver"" live & complete + best of Badfinger-7pm NEW DATE",https://www.eventbrite.com/e/the-beatles-revolver-live-complete-best-of-badfinger-7pm-new-date-tickets-1274852611479,2025-08-02 23:00:00,2025-08-02 23:00:00,,,Single-Day-Instant,,Evening,5,Summer,"800 W Olympic Blvd, Los Angeles, CA 90015, USA",90015,34.0446623,-118.2646356,Downtown Los Angeles,70.0,4.33160465450366,45.0,3.87722908093278,40.0,4.440836151245,61959.0,25554,32.0,Music,Adults / Professionals (25 to 45),High-Energy,No,Yes,65.87
74377571,Wilshire Warriors Baseball Camp Summer 2025!,https://www.eventbrite.com/e/wilshire-warriors-baseball-camp-summer-2025-registration-1306890838679,2025-07-28 05:00:00,2025-07-28 05:00:00,2025-08-01 18:00:00,2025-08-01 18:00:00,Multi-Day,6540.0,Night,0,Summer,"Pan Pacific Park, 7600 Beverly Blvd, Los Angeles, CA 90036, USA",90036,34.0732282,-118.3549294,Fairfax,67.0,4.52104022395757,41.0,4.36190476190476,40.0,4.59254719062175,97583.0,37713,36.5,Sports & Fitness,Families with Children,Relaxed,No,No,255.0
93559b6b,City of Peaches: 2025 ZSC National Summit,https://www.eventbrite.com/e/city-of-peaches-2025-zsc-national-summit-tickets-1120194715549,2025-07-25 21:00:00,2025-07-25 21:00:00,2025-07-27 05:00:00,2025-07-27 05:00:00,Multi-Day,1920.0,Evening,4,Summer,"1440 E Imperial Ave, El Segundo, CA 90245, USA",90245,33.9305155,-118.4007083,,28.0,4.26271679805943,28.0,3.38695652173913,40.0,4.7979020979021,142596.0,17081,36.4,Business,Adults / Professionals (25 to 45),Professional,No,Yes,48.46
715baf87,Wine Dinner with Rutherford Hill at Marina del Rey Hotel,https://www.eventbrite.com/e/wine-dinner-with-rutherford-hill-at-marina-del-rey-hotel-tickets-1095492630949,2025-07-24 23:00:00,2025-07-24 23:00:00,2025-07-25 01:00:00,2025-07-25 01:00:00,Single-Day-Ranged,120.0,Evening,3,Summer,"13534 Bali Way, Marina Del Rey, CA 90292, USA",90292,33.9799284,-118.4459625,,7.0,4.52735346358792,23.0,4.33478260869565,40.0,4.59327548806941,136854.0,24481,39.2,Food & Drink,Adults / Professionals (25 to 45),Relaxed,Yes,Yes,95.48
cb6fefc5,Tantra Speed Date® - Los Angeles! (Venice) Meet Singles Speed Dating,https://www.eventbrite.com/e/tantra-speed-date-los-angeles-venice-meet-singles-speed-dating-tickets-1231191138839,2025-08-02 18:00:00,2025-08-02 18:00:00,2025-08-02 21:00:00,2025-08-02 21:00:00,Single-Day-Ranged,180.0,Afternoon,5,Summer,"835 Lincoln Blvd, Venice, CA 90291, USA",90291,33.9987946,-118.4630278,Venice,70.0,4.44030135418653,43.0,3.11875,40.0,4.26942535056365,111610.0,25656,39.6,Performing & Visual Arts,Young Adults (18 to 30),Romantic,No,Yes,54.0
e2f9f9ed,CMMC West Summit 2025,https://www.eventbrite.com/e/cmmc-west-summit-2025-tickets-1268110355209,2025-07-15 01:00:00,2025-07-15 01:00:00,2025-08-14 21:00:00,2025-08-14 21:00:00,Single-Day-Ranged,44400.0,Evening,0,Summer,"13031 W Jefferson Blvd, Los Angeles, CA 90094, USA",90094,33.9753757,-118.4264486,Playa Vista,40.0,4.23625259276331,40.0,3.55714285714286,40.0,4.11584875301689,156536.0,11891,36.7,Science & Tech,Adults / Professionals (25 to 45),Professional,No,Yes,100.0
a8f5451e,Cosmic Vibrations with Dwight Trible - N.E.O. Voice Festival 2025,https://www.eventbrite.com/e/cosmic-vibrations-with-dwight-trible-neo-voice-festival-2025-tickets-1113397214039,2025-07-30 23:00:00,2025-07-30 23:00:00,2025-07-31 01:00:00,2025-07-31 01:00:00,Single-Day-Ranged,120.0,Evening,2,Summer,"540 S Commonwealth Ave, Los Angeles, CA 90020, USA",90020,34.0642036,-118.2849885,Westlake,79.0,4.25492258598274,43.0,3.84887005649718,40.0,3.93635489630545,55321.0,38400,36.8,Performing & Visual Arts,Adults / Professionals (25 to 45),Spiritual,No,Yes,10.0
6a13ee4b,Los Angeles Singles Online Trivia Night - A Fun Speed Dating Alternative,https://www.eventbrite.com/e/los-angeles-singles-online-trivia-night-a-fun-speed-dating-alternative-tickets-1269822155249,2025-09-17 00:00:00,2025-09-17 00:00:00,2025-09-17 02:00:00,2025-09-17 02:00:00,Single-Day-Ranged,120.0,Evening,1,,"Los Angeles, CA 90057, USA",90057,34.0617061,-118.2789735,Westlake,70.0,4.30446728187919,41.0,3.88510638297872,40.0,4.33894985414641,46513.0,47142,34.2,Community,Young Adults (18 to 30),Relaxed,No,No,22.94
a4b77106,"Kairo Worship en Los Angeles, CA",https://www.eventbrite.com/e/kairo-worship-en-los-angeles-ca-tickets-1305646195919,2025-09-06 22:30:00,2025-09-06 22:30:00,2025-09-07 01:00:00,2025-09-07 01:00:00,Single-Day-Ranged,150.0,Evening,5,,"2200 W Carson St, Torrance, CA 90501, USA",90501,33.830818,-118.3212898,Old Torrance,51.0,4.39698019545995,29.0,4.1197628458498,41.0,4.62427259996888,89926.0,42536,38.5,Music,None,Spiritual,No,Yes,39.17
99c4afe5,Capri Jazz Nights,https://www.eventbrite.com/e/capri-jazz-nights-tickets-1302285383639,2025-08-07 22:00:00,2025-08-07 22:00:00,2025-08-08 01:00:00,2025-08-08 01:00:00,Single-Day-Ranged,180.0,Evening,3,Summer,"10250 Santa Monica Blvd, Los Angeles, CA 90067, USA",90067,34.0606345,-118.4184994,Century City,59.0,4.20929468021518,42.0,3.85394736842105,40.0,4.34693184089546,125995.0,2653,59.7,Food & Drink,Adults / Professionals (25 to 45),Relaxed,Yes,Yes,20.0
9cfb2a16,"Red Hot Tribute presents Rick Migaud's Benefit Concert, Daytime show.",https://www.eventbrite.com/e/red-hot-tribute-presents-rick-migauds-benefit-concert-daytime-show-tickets-1290322371949,2025-07-26 20:00:00,2025-07-26 20:00:00,2025-07-26 23:00:00,2025-07-26 23:00:00,Single-Day-Ranged,180.0,Afternoon,5,Summer,"30 Pier Ave, Hermosa Beach, CA 90254, USA",90254,33.8618245,-118.4010289,,61.0,4.34197064380177,38.0,3.81458333333333,42.0,4.30576730190572,149500.0,19551,40.2,Music,Adults / Professionals (25 to 45),Community,No,Yes,12.51
6b85edf7,Dillard University-Los Angeles Alumni Chapter 2025 Scholarship Luncheon,https://www.eventbrite.com/e/dillard-university-los-angeles-alumni-chapter-2025-scholarship-luncheon-tickets-1322759281619,2025-07-26 16:00:00,2025-07-26 16:00:00,2025-07-26 18:30:00,2025-07-26 18:30:00,Single-Day-Ranged,150.0,Afternoon,5,Summer,"1846 Crenshaw Blvd, Los Angeles, CA 90019, USA",90019,34.0405671,-118.3302937,Arlington Heights,33.0,4.22881667688535,30.0,4.08891509433962,40.0,3.74712643678161,65972.0,59410,38.8,Charity & Causes,Adults / Professionals (25 to 45),Formal,No,Yes,81.88
8bf50233,"Moment Foundations(Lower Body) - Los Angeles, CA",https://www.eventbrite.com/e/moment-foundationslower-body-los-angeles-ca-tickets-1328244417809,2025-07-26 05:00:00,2025-07-26 05:00:00,2025-07-27 20:00:00,2025-07-27 20:00:00,Multi-Day,2340.0,Night,5,Summer,"4302 Melrose Ave p 4302, Los Angeles, CA 90029, USA",90029,34.0834242,-118.294297,East Hollywood,65.0,3.93478949034505,48.0,4.10249433106576,40.0,3.69128392484342,56529.0,34649,36.7,Health,Adults / Professionals (25 to 45),Educational,No,Yes,854.43
d0d5bd05,Me & Who?,https://www.eventbrite.com/e/me-who-tickets-1270132814439,2025-08-15 00:00:00,2025-08-15 00:00:00,2025-08-15 01:00:00,2025-08-15 01:00:00,Single-Day-Ranged,60.0,Evening,3,Summer,"1615 N Vermont Ave, Los Angeles, CA 90027, USA",90027,34.1006627,-118.2926985,East Hollywood,3.0,3.52439024390244,9.0,4.23333333333333,40.0,4.68692869030854,86826.0,45764,38.1,Performing & Visual Arts,Young Adults (18 to 30),High-Energy,No,Yes,10.38
75915821,Getting Read,https://www.eventbrite.com/e/getting-read-tickets-1015613506337,2025-07-25 00:00:00,2025-07-25 00:00:00,2025-07-25 01:00:00,2025-07-25 01:00:00,Single-Day-Ranged,60.0,Evening,3,Summer,"1078 Lillian Way, Los Angeles, CA 90038, USA",90038,34.0906323,-118.3273218,Central LA,69.0,4.33953695458593,50.0,3.91269565217391,40.0,4.24211076280042,57102.0,27979,34.5,Performing & Visual Arts,Adults / Professionals (25 to 45),Professional,No,No,7.18
4304b944,SPEED DATING LATER DATERS 40+ WEHO,https://www.eventbrite.com/e/speed-dating-later-daters-40-weho-tickets-1291782328719,2025-07-25 23:00:00,2025-07-25 23:00:00,2025-07-26 01:00:00,2025-07-26 01:00:00,Single-Day-Ranged,120.0,Evening,4,Summer,"8585 W Sunset Blvd, West Hollywood, CA 90069, USA",90069,34.0929527,-118.3789637,Sunset Strip,63.0,4.43902855921943,43.0,4.24284221525601,41.0,4.39146357528652,106133.0,20045,44.0,Community,Seniors / Older Adults (50+),Romantic,No,No,23.18
f9f2a786,First Fridays,https://www.eventbrite.com/e/first-fridays-tickets-1120180402739,2025-08-01 18:00:00,2025-08-01 18:00:00,2025-08-01 22:00:00,2025-08-01 22:00:00,Single-Day-Ranged,240.0,Afternoon,4,Summer,"43 E Ohio St, Chicago, IL 60611, USA",60611,41.8923302,-87.6262663,River North,80.0,4.40593294588359,40.0,3.82990654205607,40.0,4.10039676241866,126812.0,35247,38.3,Food & Drink,None,Relaxed,Yes,No,28.0
fd003664,Wallis Annenberg PetSpace Summer Camp: PET PIONEERS,https://www.eventbrite.com/e/wallis-annenberg-petspace-summer-camp-pet-pioneers-tickets-1321565651439,2025-08-11 05:00:00,2025-08-11 05:00:00,,,Single-Day-Instant,,Night,0,Summer,"12005 Bluff Creek Dr, Playa Vista, CA 90094, USA",90094,33.9820749,-118.4033747,Playa Vista,40.0,4.23625259276331,40.0,3.55714285714286,40.0,4.11584875301689,156536.0,11891,36.7,Family & Education,Families with Children,Educational,Yes,No,482.02
e04248b6,Bloom with Creativity: Los Angeles Flower Arranging event,https://www.eventbrite.com/e/bloom-with-creativity-los-angeles-flower-arranging-event-tickets-1224262675619,2025-07-25 23:00:00,2025-07-25 23:00:00,2025-07-26 01:00:00,2025-07-26 01:00:00,Single-Day-Ranged,120.0,Evening,4,Summer,"8560 W Sunset Blvd, West Hollywood, CA 90069, USA",90069,34.0931143,-118.3779598,Sunset Strip,63.0,4.43902855921943,43.0,4.24284221525601,41.0,4.39146357528652,106133.0,20045,44.0,Hobbies,None,Relaxed,No,Yes,81.88
24ac91bd,WEEDCon West,https://www.eventbrite.com/e/weedcon-west-tickets-1296947116739,2025-10-24 17:00:00,2025-10-24 17:00:00,2025-10-25 01:00:00,2025-10-25 01:00:00,Single-Day-Ranged,480.0,Afternoon,4,,"200 Santa Monica Pier, Santa Monica, CA 90401, USA",90401,34.0082821,-118.4987585,,73.0,4.37454959877603,48.0,4.10227272727273,40.0,4.14203243243243,89892.0,7480,39.8,None,None,None,No,No,135.23
09d1cc2b,The Painting Joint Experience,https://www.eventbrite.com/e/the-painting-joint-experience-tickets-1248951440379,2025-07-27 19:00:00,2025-07-27 19:00:00,2025-07-27 21:00:00,2025-07-27 21:00:00,Single-Day-Ranged,120.0,Afternoon,6,Summer,"14082 Ventura Blvd p, Sherman Oaks, CA 91423, USA",91423,34.1492061,-118.4399852,Sherman Oaks,62.0,4.32063963963964,28.0,3.56,40.0,4.41212121212121,104205.0,31787,40.1,Performing & Visual Arts,Young Adults (18 to 30),Relaxed,Yes,Yes,44.52
dec8b0e4,Manifest Destiny,https://www.eventbrite.com/e/manifest-destiny-tickets-1029968652967,2025-11-08 17:00:00,2025-11-08 17:00:00,2025-11-08 23:00:00,2025-11-08 23:00:00,Single-Day-Ranged,360.0,Afternoon,5,,"5855 W Century Blvd, Los Angeles, CA 90045, USA",90045,33.9466447,-118.3848285,Westchester,49.0,4.46033923387785,43.0,4.38524062144752,40.0,4.04184232834134,125692.0,41123,36.2,None,None,None,No,No,116.02
a7fb392c,In-person class: Classic and Creative Cocktails (Los Angeles),https://www.eventbrite.com/e/in-person-class-classic-and-creative-cocktails-los-angeles-tickets-982868695727,2025-08-17 20:00:00,2025-08-17 20:00:00,,,Single-Day-Instant,,Afternoon,6,Summer,"2133 Colorado Blvd, Los Angeles, CA 90041, USA",90041,34.1393411,-118.2128457,Northeast Los Angeles,49.0,4.3918274834866,28.0,3.66962962962963,40.0,4.45496402877698,111938.0,28321,40.4,Food & Drink,Adults / Professionals (25 to 45),Educational,Yes,No,71.21
78e17bca,Well Dressed - A Night of Stand Up Comedy & Live Jazz,https://www.eventbrite.com/e/well-dressed-a-night-of-stand-up-comedy-live-jazz-tickets-1353945149389,2025-07-25 23:30:00,2025-07-25 23:30:00,2025-07-26 02:00:00,2025-07-26 02:00:00,Single-Day-Ranged,150.0,Evening,4,Summer,"7000 Hollywood Blvd, Los Angeles, CA 90028, USA",90028,34.1011504,-118.3417817,Central LA,73.0,4.27951269579187,50.0,3.84594813614263,40.0,4.10928277923048,57258.0,30982,36.5,Performing & Visual Arts,Adults / Professionals (25 to 45),Formal,No,No,27.37
670df096,HOUSE SKETCH: Yuppie & Ugly Cry,https://www.eventbrite.com/e/house-sketch-yuppie-ugly-cry-tickets-1088344962079,2025-08-07 01:00:00,2025-08-07 01:00:00,2025-08-07 02:30:00,2025-08-07 02:30:00,Single-Day-Ranged,90.0,Night,2,Summer,"1615 N Vermont Ave, Los Angeles, CA 90027, USA",90027,34.1006627,-118.2926985,East Hollywood,3.0,3.52439024390244,9.0,4.23333333333333,40.0,4.68692869030854,86826.0,45764,38.1,Performing & Visual Arts,Young Adults (18 to 30),High-Energy,Yes,Yes,10.38
5c05611e,HOUSE SKETCH: Ciao & Vogue,https://www.eventbrite.com/e/house-sketch-ciao-vogue-tickets-1088357018139,2025-08-11 01:00:00,2025-08-11 01:00:00,2025-08-11 02:30:00,2025-08-11 02:30:00,Single-Day-Ranged,90.0,Night,6,Summer,"1615 N Vermont Ave, Los Angeles, CA 90027, USA",90027,34.1006627,-118.2926985,East Hollywood,3.0,3.52439024390244,9.0,4.23333333333333,40.0,4.68692869030854,86826.0,45764,38.1,Performing & Visual Arts,Young Adults (18 to 30),High-Energy,Yes,Yes,10.38
c10fc6a6,SUNSET VIBES SILENT DISCO  @  THE PENMAR / VENICE,https://www.eventbrite.com/e/sunset-vibes-silent-disco-the-penmar-venice-tickets-867989288327,2025-08-09 22:00:00,2025-08-09 22:00:00,2025-08-10 02:00:00,2025-08-10 02:00:00,Single-Day-Ranged,240.0,Evening,5,Summer,"1233 Rose Ave, Venice, CA 90291, USA",90291,34.0064241,-118.4591831,Venice,70.0,4.44030135418653,43.0,3.11875,40.0,4.26942535056365,111610.0,25656,39.6,Music,None,High-Energy,No,Yes,12.45
c80d307a,Semi- Private Flexibility,https://www.eventbrite.com/e/semi-private-flexibility-tickets-1354484522669,2025-07-25 23:30:00,2025-07-25 23:30:00,2025-07-26 00:30:00,2025-07-26 00:30:00,Single-Day-Ranged,60.0,Evening,4,Summer,"6201 Hollywood Blvd Unit 2014, Los Angeles, CA 90028, USA",90028,34.1020008,-118.3240494,Central LA,73.0,4.27951269579187,50.0,3.84594813614263,40.0,4.10928277923048,57258.0,30982,36.5,Health,Adults / Professionals (25 to 45),Spiritual,No,Yes,25.0
7eb860e1,The Female Gaze,https://www.eventbrite.com/e/the-female-gaze-tickets-1314199599379,2025-08-09 02:00:00,2025-08-09 02:00:00,2025-08-09 03:00:00,2025-08-09 03:00:00,Single-Day-Ranged,60.0,Night,4,Summer,"1615 N Vermont Ave, Los Angeles, CA 90027, USA",90027,34.1006627,-118.2926985,East Hollywood,3.0,3.52439024390244,9.0,4.23333333333333,40.0,4.68692869030854,86826.0,45764,38.1,Performing & Visual Arts,Young Adults (18 to 30),Relaxed,No,No,12.51
da950046,Reserve Vendor  Space  for Top Fashion Event,https://www.eventbrite.com/e/reserve-vendor-space-for-top-fashion-event-tickets-1429399134289,2025-08-30 22:00:00,2025-08-30 22:00:00,2025-08-31 01:00:00,2025-08-31 01:00:00,Single-Day-Ranged,180.0,Evening,5,Summer,"667 11th St NW p 667, Atlanta, GA 30318, USA",30318,33.7833908,-84.4091331,Home Park,0.0,0.0,15.0,3.0,40.0,3.8818858560794,69640.0,59559,30.6,Fashion,Adults / Professionals (25 to 45),High-Energy,No,Yes,176.31
e1b6c83f,NewRoot Open PD: Circle Training,https://www.eventbrite.com/e/newroot-open-pd-circle-training-registration-1286828652139,2025-09-29 13:15:00,2025-09-29 13:15:00,2025-10-02 19:30:00,2025-10-02 19:30:00,Multi-Day,4695.0,Morning,0,,"910 W Van Buren St #200, Chicago, IL 60607, USA",60607,41.8768495,-87.6498927,West Loop,76.0,4.49554310764735,45.0,3.01035953686776,40.0,3.93678948089303,119500.0,28797,30.9,Community,Adults / Professionals (25 to 45),Educational,No,Yes,600.0
0c06cf73,In-person class: Classic French Macaron (Chicago),https://www.eventbrite.com/e/in-person-class-classic-french-macaron-chicago-tickets-1023535400937,2025-08-07 22:30:00,2025-08-07 22:30:00,,,Single-Day-Instant,,Evening,3,Summer,"4925 N Lincoln Ave, Chicago, IL 60625, USA",60625,41.9716258,-87.6903104,Lincoln Square,71.0,4.37587275913196,28.0,3.8,40.0,4.4990964535803,83527.0,80296,35.6,Food & Drink,Adults / Professionals (25 to 45),Relaxed,No,No,64.8
c9854857,Intro to Nutrition for Vegetarians,https://www.eventbrite.com/e/intro-to-nutrition-for-vegetarians-tickets-1307291487029,2025-10-01 22:00:00,2025-10-01 22:00:00,2025-10-01 23:00:00,2025-10-01 23:00:00,Single-Day-Ranged,60.0,Evening,2,,"2870 N Milwaukee Ave, Chicago, IL 60618, USA",60618,41.9333731,-87.7147596,Avondale,61.0,4.47159100171163,26.0,3.5628,40.0,4.4742061281337,100976.0,92235,35.4,Health,Young Adults (18 to 30),Educational,No,No,55.2
147b6154,"ALL THE FEELS: Chicago (R&B, Twerk, Slow Jamz)",https://www.eventbrite.com/e/all-the-feels-chicago-rb-twerk-slow-jamz-tickets-1037264364637,2025-08-31 02:00:00,2025-08-31 02:00:00,2025-08-31 05:00:00,2025-08-31 05:00:00,Multi-Day,180.0,Night,5,Summer,"2244 S Michigan Ave, Chicago, IL 60616, USA",60616,41.8516526,-87.623942,Near South Side,20.0,3.62155486450466,37.0,3.39387755102041,40.0,4.02564102564103,72326.0,52707,37.6,Music,Young Adults (18 to 30),High-Energy,No,Yes,8.14
0c16e989,Glam Clash: Bratz VS Barbie Fashion Expo,https://www.eventbrite.com/e/glam-clash-bratz-vs-barbie-fashion-expo-tickets-989739265787,2025-10-18 21:30:00,2025-10-18 21:30:00,2025-10-19 00:30:00,2025-10-19 00:30:00,Single-Day-Ranged,180.0,Evening,5,,"1230 Logan Cir NW, Atlanta, GA 30318, USA",30318,33.8068228,-84.4300223,Buckhead,0.0,0.0,15.0,3.0,40.0,3.8818858560794,69640.0,59559,30.6,Fashion,Young Adults (18 to 30),High-Energy,No,Yes,54.45
ec4e830d,In-person class: Handmade Pasta 101 (Atlanta),https://www.eventbrite.com/e/in-person-class-handmade-pasta-101-atlanta-tickets-1124684785469,2025-08-05 22:30:00,2025-08-05 22:30:00,2025-08-06 00:30:00,2025-08-06 00:30:00,Single-Day-Ranged,120.0,Evening,1,Summer,"1110 Hammond Dr Suite 10, Sandy Springs, GA 30328, USA",30328,33.9192528,-84.3510019,Perimeter Center,49.0,4.1492831189237,36.0,4.56953642384106,40.0,4.45693430656934,101186.0,39026,38.9,Food & Drink,Adults / Professionals (25 to 45),Relaxed,No,No,64.8
5d153367,In-person class: Fresh Handmade Pasta & Pomodoro (Atlanta),https://www.eventbrite.com/e/in-person-class-fresh-handmade-pasta-pomodoro-atlanta-tickets-1404493601169,2025-07-31 22:30:00,2025-07-31 22:30:00,2025-08-01 00:30:00,2025-08-01 00:30:00,Single-Day-Ranged,120.0,Evening,3,Summer,"1279 Seaboard Industrial Blvd NW, Atlanta, GA 30318, USA",30318,33.8077044,-84.4298716,Buckhead,0.0,0.0,15.0,3.0,40.0,3.8818858560794,69640.0,59559,30.6,Food & Drink,Adults / Professionals (25 to 45),Relaxed,No,No,64.8
fa15a8c4,Full Moon Yoga with Papa Guru,https://www.eventbrite.com/e/full-moon-yoga-with-papa-guru-tickets-1116876410409,2025-08-12 23:00:00,2025-08-12 23:00:00,2025-08-13 01:00:00,2025-08-13 01:00:00,Single-Day-Ranged,120.0,Evening,1,Summer,"100 Chopin Plaza, Miami, FL 33131, USA",33131,25.7721907,-80.1859031,Downtown Miami,80.0,4.42008502008502,40.0,4.18079710144927,40.0,4.40765059074182,121730.0,22540,35.4,Health,Adults / Professionals (25 to 45),Spiritual,No,Yes,28.16
81e9a3e8,"12th Annual No Sleep South Beach Weekend 2025 6 Parties 4 Days Miami, FL",https://www.eventbrite.com/e/12th-annual-no-sleep-south-beach-weekend-2025-6-parties-4-days-miami-fl-tickets-1075862466599,2025-07-24 21:00:00,2025-07-24 21:00:00,2025-07-28 03:30:00,2025-07-28 03:30:00,Multi-Day,4710.0,Evening,3,Summer,"1020 Ocean Dr p, Miami Beach, FL 33139, USA",33139,25.7808104,-80.1309037,South Beach,63.0,3.96878045335781,35.0,4.10545454545455,40.0,4.00317216679458,60971.0,35100,41.7,Travel & Outdoor,Young Adults (18 to 30),High-Energy,No,Yes,44.52
30e15813,Wallis Annenberg PetSpace Summer Camp: ANIMAL ADVENTURES,https://www.eventbrite.com/e/wallis-annenberg-petspace-summer-camp-animal-adventures-tickets-1321571057609,2025-07-28 05:00:00,2025-07-28 05:00:00,,,Single-Day-Instant,,Night,0,Summer,"12005 Bluff Creek Dr, Playa Vista, CA 90094, USA",90094,33.9820749,-118.4033747,Playa Vista,40.0,4.23625259276331,40.0,3.55714285714286,40.0,4.11584875301689,156536.0,11891,36.7,Family & Education,Families with Children,Educational,No,No,482.02
e9774a15,Outside Circle Weekend Intensive,https://www.eventbrite.com/e/outside-circle-weekend-intensive-registration-1005234622817,2025-10-10 22:30:00,2025-10-10 22:30:00,2025-10-12 17:30:00,2025-10-12 17:30:00,Multi-Day,2580.0,Evening,4,,"909 Montgomery St, San Francisco, CA 94133, USA",94133,37.7975,-122.4041667,North Beach,80.0,4.37884395436816,41.0,4.28716487935657,40.0,4.1410184501845,77652.0,25460,45.1,Community,Adults / Professionals (25 to 45),Educational,Yes,Yes,695.0
86204718,Robberbaron Comedy Showcase,https://www.eventbrite.com/e/robberbaron-comedy-showcase-tickets-1483443843469,2025-07-31 23:30:00,2025-07-31 23:30:00,2025-08-01 01:00:00,2025-08-01 01:00:00,Single-Day-Ranged,90.0,Evening,3,Summer,"2032 Polk St, San Francisco, CA 94109, USA",94109,37.7955733,-122.421569,Polk Gulch,80.0,4.54286979908242,41.0,3.7948275862069,40.0,3.98152436082972,108691.0,56333,37.4,None,None,None,No,No,7.18
bb436c84,"The Music Never Stops, the Future of the Dead - David Gans and Dean Budnick",https://www.eventbrite.com/e/the-music-never-stops-the-future-of-the-dead-david-gans-and-dean-budnick-tickets-1425033215709,2025-07-30 23:30:00,2025-07-30 23:30:00,2025-07-31 00:30:00,2025-07-31 00:30:00,Single-Day-Ranged,60.0,Evening,2,Summer,"3092 16th St, San Francisco, CA 94103, USA",94103,37.7650923,-122.4217044,Mission District,80.0,4.15553292600136,45.0,3.97475622968581,40.0,3.29599501971363,111028.0,32400,36.8,Music,Young Adults (18 to 30),Relaxed,Yes,Yes,9.27
0e510d40,Live/ Dead - Six Decades of Live Shows with the Grateful Dead,https://www.eventbrite.com/e/live-dead-six-decades-of-live-shows-with-the-grateful-dead-tickets-1425017759479,2025-07-30 22:00:00,2025-07-30 22:00:00,2025-07-30 23:00:00,2025-07-30 23:00:00,Single-Day-Ranged,60.0,Evening,2,Summer,"3092 16th St, San Francisco, CA 94103, USA",94103,37.7650923,-122.4217044,Mission District,80.0,4.15553292600136,45.0,3.97475622968581,40.0,3.29599501971363,111028.0,32400,36.8,Music,Adults / Professionals (25 to 45),Relaxed,Yes,Yes,9.27
79db580b,T-BOY WRESTLING NYC,https://www.eventbrite.com/e/t-boy-wrestling-nyc-tickets-1052836290687,2025-08-09 20:00:00,2025-08-09 20:00:00,2025-08-10 03:00:00,2025-08-10 03:00:00,Single-Day-Ranged,420.0,Afternoon,5,Summer,"509 Atlantic Ave, Brooklyn, NY 11217, USA",11217,40.6856169,-73.9807735,Boerum Hill,80.0,4.25891787930471,41.0,3.93010858835143,40.0,4.33641601271481,152735.0,43045,35.8,Music,Young Adults (18 to 30),High-Energy,No,Yes,7.18
4b0e5192,"Elsewhere Presents: Taylah Elaine @ Carpark  w/ DOS FLAKOS, EDEN, LIL2HOOD",https://www.eventbrite.com/e/elsewhere-presents-taylah-elaine-99-scott-tickets-1388458048399,2025-07-27 02:00:00,2025-07-27 02:00:00,2025-07-27 05:00:00,2025-07-27 05:00:00,Multi-Day,180.0,Night,5,Summer,"154 Scott Ave, Brooklyn, NY 11237, USA",11237,40.7119835,-73.9235261,East Williamsburg,80.0,4.31587757054041,31.0,4.25706214689266,40.0,4.49346405228758,79136.0,47183,32.6,Community,None,None,No,No,27.84
4c4c33b5,Warm Up: Eric D. Clark | OK Williams | DJ Spanish Fly | Masaaki,https://www.eventbrite.com/e/warm-up-eric-d-clark-ok-williams-dj-spanish-fly-masaaki-tickets-1395014579159,2025-08-01 20:00:00,2025-08-01 20:00:00,,,Single-Day-Instant,,Afternoon,4,Summer,"22-25 Jackson Ave, Queens, NY 11101, USA",11101,40.7456014,-73.947097,Long Island City,80.0,4.30008411136344,54.0,3.77257525083612,40.0,3.72388245033113,109625.0,34279,34.0,Music,None,High-Energy,Yes,No,22.25
e7500558,SNEAKER CON NEW YORK CITY AUGUST 9 & 10 THE GREATEST SNEAKER SHOW ON EARTH,https://www.eventbrite.com/e/sneaker-con-new-york-city-august-9-10-the-greatest-sneaker-show-on-earth-tickets-1419515140999,2025-08-09 16:00:00,2025-08-09 16:00:00,2025-08-10 23:00:00,2025-08-10 23:00:00,Multi-Day,1860.0,Afternoon,5,Summer,"Brooklyn Navy Yard, Building 293, Assembly Rd, Brooklyn, NY 11205, USA",11205,40.7028144,-73.9696547,Brooklyn Navy Yard,80.0,4.12795877047672,40.0,3.90229591836735,40.0,3.93031325951931,74839.0,50319,29.7,Hobbies,Young Adults (18 to 30),High-Energy,Yes,Yes,32.64
50bf0a67,RICH FLEX SUMMER,https://www.eventbrite.com/e/rich-flex-summer-tickets-1363540208469,2025-07-27 19:00:00,2025-07-27 19:00:00,2025-07-28 01:00:00,2025-07-28 01:00:00,Single-Day-Ranged,360.0,Afternoon,6,Summer,"57-00 47th St, Maspeth, NY 11378, USA",11378,40.7191142,-73.9230248,Maspeth,52.0,3.76872656122615,30.0,3.98376623376623,40.0,3.11020541245517,90572.0,39250,39.8,Music,Young Adults (18 to 30),High-Energy,No,Yes,55.19
e7001566,"Clipping., Cooling Prongs(Christopher Fleeger & Counterfeit), Fatboi Sharif",https://www.eventbrite.com/e/clipping-cooling-prongschristopher-fleeger-counterfeit-fatboi-sharif-tickets-1242451789749,2025-08-14 23:00:00,2025-08-14 23:00:00,2025-08-15 03:00:00,2025-08-15 03:00:00,Single-Day-Ranged,240.0,Evening,3,Summer,"599 Johnson Ave #1, Brooklyn, NY 11237, USA",11237,40.709474,-73.923322,East Williamsburg,80.0,4.31587757054041,31.0,4.25706214689266,40.0,4.49346405228758,79136.0,47183,32.6,Community,Young Adults (18 to 30),Relaxed,Yes,No,33.33
ee968469,"Elsewhere Presents: Mustard Service, Strawberry Milk Cult @ Market Hotel",https://www.eventbrite.com/e/mustard-service-strawberry-milk-cult-tickets-1323673857139,2025-08-06 00:00:00,2025-08-06 00:00:00,2025-08-06 02:30:00,2025-08-06 02:30:00,Single-Day-Ranged,150.0,Evening,1,Summer,"1140 Myrtle Ave, Brooklyn, NY 11221, USA",11221,40.6969513,-73.9345859,Bushwick,77.0,4.03153953674121,29.0,3.87150537634409,40.0,3.82028272894898,77600.0,91236,32.3,Community,None,Relaxed,Yes,No,30.44
ac68654d,Alta Joda Fest NYC - Fiesta Latina,https://www.eventbrite.com/e/alta-joda-fest-nyc-fiesta-latina-tickets-1435396301979,2025-07-27 03:00:00,2025-07-27 03:00:00,2025-07-27 05:00:00,2025-07-27 05:00:00,Multi-Day,120.0,Night,5,Summer,"23 Meadow St, Brooklyn, NY 11206, USA",11206,40.7108605,-73.9362075,East Williamsburg,80.0,4.17149363323729,45.0,3.9091796875,40.0,4.11013400335008,51507.0,89949,30.4,Music,Young Adults (18 to 30),High-Energy,No,Yes,17.85
2baf9c63,"Out & Abt: ZOOBIANA, HIGHGNX, JOOPITER, DAALÍ",https://www.eventbrite.com/e/out-abt-zoobiana-highgnx-joopiter-daali-tickets-1318961181399,2025-08-02 20:00:00,2025-08-02 20:00:00,2025-08-03 02:00:00,2025-08-03 02:00:00,Single-Day-Ranged,360.0,Afternoon,5,Summer,"599 Johnson Ave #1, Brooklyn, NY 11237, USA",11237,40.709474,-73.923322,East Williamsburg,80.0,4.31587757054041,31.0,4.25706214689266,40.0,4.49346405228758,79136.0,47183,32.6,Community,Young Adults (18 to 30),Relaxed,No,Yes,27.84
d7bd0e8c,T-BOY WRESTLING NYC DAY 2,https://www.eventbrite.com/e/t-boy-wrestling-nyc-day-2-tickets-1384431805799,2025-08-10 17:00:00,2025-08-10 17:00:00,2025-08-10 23:00:00,2025-08-10 23:00:00,Single-Day-Ranged,360.0,Afternoon,6,Summer,"36-08 33rd St, Long Island City, NY 11106, USA",11106,40.7555778,-73.9285861,Long Island City,80.0,4.19680030114813,49.0,3.82236286919831,40.0,4.25632809996796,81729.0,40198,36.3,Sports & Fitness,Young Adults (18 to 30),High-Energy,No,No,7.18
dc545823,Socafest 2025,https://www.eventbrite.com/e/socafest-2025-tickets-1095735366979,2025-08-30 00:00:00,2025-08-30 00:00:00,2025-08-30 05:00:00,2025-08-30 05:00:00,Multi-Day,300.0,Evening,4,Summer,"200 Eastern Pkwy, Brooklyn, NY 11238, USA",11238,40.6712062,-73.9636306,,80.0,4.17120817956319,43.0,3.93132530120482,40.0,4.32755555555556,125747.0,58047,35.3,Music,Young Adults (18 to 30),High-Energy,No,Yes,59.08
903338a5,KLASS Yacht Party,https://www.eventbrite.com/e/klass-yacht-party-tickets-1389752700739,2025-07-27 21:30:00,2025-07-27 21:30:00,2025-07-28 02:30:00,2025-07-28 02:30:00,Single-Day-Ranged,300.0,Evening,6,Summer,"78 South St, New York, NY 10006, USA",10006,40.7043756,-74.0029654,,80.0,4.20952959848715,40.0,3.57213930348259,40.0,4.0240158188028,204574.0,3736,32.0,Performing & Visual Arts,Adults / Professionals (25 to 45),Formal,No,No,114.1
aac2d854,St. Lucia (DJ Set),https://www.eventbrite.com/e/st-lucia-dj-set-tickets-1382438644199,2025-07-31 22:00:00,2025-07-31 22:00:00,2025-08-01 02:00:00,2025-08-01 02:00:00,Single-Day-Ranged,240.0,Evening,3,Summer,"599 Johnson Ave #1, Brooklyn, NY 11237, USA",11237,40.709474,-73.923322,East Williamsburg,80.0,4.31587757054041,31.0,4.25706214689266,40.0,4.49346405228758,79136.0,47183,32.6,Community,Young Adults (18 to 30),High-Energy,No,Yes,33.33
b4cda5cc,Intrepid Summer Beer Wine and Spirits Fest,https://www.eventbrite.com/e/intrepid-summer-beer-wine-and-spirits-fest-tickets-1319156495589,2025-08-08 22:30:00,2025-08-08 22:30:00,2025-08-09 02:00:00,2025-08-09 02:00:00,Single-Day-Ranged,210.0,Evening,4,Summer,"Pier 86, W 46th St, New York, NY 10036, USA",10036,40.7648801,-74.0008306,,80.0,4.24470553617218,44.0,3.87628947368421,40.0,4.17064473875709,102287.0,30930,39.3,Food & Drink,Adults / Professionals (25 to 45),Relaxed,Yes,Yes,18.65
dbfc3785,Uno Day Fete NYC,https://www.eventbrite.com/e/uno-day-fete-nyc-tickets-1307088118749,2025-03-28 04:00:00,2025-03-28 04:00:00,2025-08-03 22:00:00,2025-08-03 22:00:00,Single-Day-Ranged,185400.0,Night,3,,"85 Avenue A, New York, NY 10009, USA",10009,40.7253238,-73.9843144,,80.0,4.47349690953362,41.0,3.11475225225225,40.0,4.36893150684932,83344.0,58418,38.2,Music,Young Adults (18 to 30),High-Energy,No,Yes,4.28
6aa621cc,"SBTRKT (DJ Set), Bushbaby, x3butterfly, Surreal Sessions",https://www.eventbrite.com/e/sbtrkt-dj-set-bushbaby-x3butterfly-surreal-sessions-tickets-1424907188759,2025-08-09 02:30:00,2025-08-09 02:30:00,2025-08-09 05:00:00,2025-08-09 05:00:00,Multi-Day,150.0,Night,4,Summer,"599 Johnson Ave #1, Brooklyn, NY 11237, USA",11237,40.709474,-73.923322,East Williamsburg,80.0,4.31587757054041,31.0,4.25706214689266,40.0,4.49346405228758,79136.0,47183,32.6,Music,Young Adults (18 to 30),High-Energy,Yes,No,29.15
a53d1943,Black Film Space 8th Annual Summer Mixer,https://www.eventbrite.com/e/black-film-space-8th-annual-summer-mixer-tickets-1435014780839,2025-07-28 22:00:00,2025-07-28 22:00:00,2025-07-29 02:00:00,2025-07-29 02:00:00,Single-Day-Ranged,240.0,Evening,0,Summer,"432 W 45th St, New York, NY 10036, USA",10036,40.7608459,-73.9929521,,80.0,4.24470553617218,44.0,3.87628947368421,40.0,4.17064473875709,102287.0,30930,39.3,Film & Media,Adults / Professionals (25 to 45),Relaxed,Yes,No,17.85
64b554d7,Mild Minds (DJ Set),https://www.eventbrite.com/e/mild-minds-dj-set-tickets-1361037904009,2025-08-08 22:00:00,2025-08-08 22:00:00,2025-08-09 02:00:00,2025-08-09 02:00:00,Single-Day-Ranged,240.0,Evening,4,Summer,"599 Johnson Ave #1, Brooklyn, NY 11237, USA",11237,40.709474,-73.923322,East Williamsburg,80.0,4.31587757054041,31.0,4.25706214689266,40.0,4.49346405228758,79136.0,47183,32.6,Community,Young Adults (18 to 30),Relaxed,No,Yes,29.15
04b3a8a0,"BIAS: Chung, KA WAI, mauve, NARI, OPPASLAYER, @tfti, NODUTDOL",https://www.eventbrite.com/e/bias-chung-ka-wai-mauve-nari-oppaslayer-tfti-nodutdol-tickets-1320077781179,2025-07-27 20:00:00,2025-07-27 20:00:00,2025-07-28 02:00:00,2025-07-28 02:00:00,Single-Day-Ranged,360.0,Afternoon,6,Summer,"599 Johnson Ave #1, Brooklyn, NY 11237, USA",11237,40.709474,-73.923322,East Williamsburg,80.0,4.31587757054041,31.0,4.25706214689266,40.0,4.49346405228758,79136.0,47183,32.6,Community,Young Adults (18 to 30),High-Energy,No,Yes,20.87
8ec88adb,Warm Up: Marie Davidson| LOKA| Fred Moten & Brandon Lopez| Concrete Husband,https://www.eventbrite.com/e/warm-up-marie-davidson-loka-fred-moten-brandon-lopez-concrete-husband-tickets-1395016304319,2025-08-08 20:00:00,2025-08-08 20:00:00,,,Single-Day-Instant,,Afternoon,4,Summer,"22-25 Jackson Ave, Queens, NY 11101, USA",11101,40.7456014,-73.947097,Long Island City,80.0,4.30008411136344,54.0,3.77257525083612,40.0,3.72388245033113,109625.0,34279,34.0,Music,None,High-Energy,Yes,No,22.25
76050d81,2025 Education in New York Summit,https://www.eventbrite.com/e/2025-education-in-new-york-summit-tickets-1393156501599,2025-07-15 02:00:00,2025-07-15 02:00:00,2025-08-14 19:30:00,2025-08-14 19:30:00,Single-Day-Ranged,44250.0,Night,0,Summer,"36 Battery Pl, New York, NY 10280, USA",10280,40.706253,-74.018778,,80.0,4.21803239145417,40.0,3.55904936014625,40.0,3.93696761960327,206150.0,8843,45.3,Family & Education,Adults / Professionals (25 to 45),Professional,No,No,49.87
aaf10b6b,Remix Rumble Presents: NYC Wrestling Nightclub (21+),https://www.eventbrite.com/e/remix-rumble-presents-nyc-wrestling-nightclub-21-tickets-1409745048389,2025-08-02 03:00:00,2025-08-02 03:00:00,2025-08-02 05:00:00,2025-08-02 05:00:00,Multi-Day,120.0,Night,4,Summer,"327 Bowery, New York, NY 10003, USA",10003,40.7257471,-73.9917966,,80.0,4.46765308932889,40.0,3.71004184100418,40.0,4.14674985490424,152863.0,53877,32.2,Music,Young Adults (18 to 30),High-Energy,No,Yes,21.05
60a64097,"ØTTA, Franck",https://www.eventbrite.com/e/tta-franck-tickets-1273039528499,2025-08-01 22:00:00,2025-08-01 22:00:00,2025-08-02 02:00:00,2025-08-02 02:00:00,Single-Day-Ranged,240.0,Evening,4,Summer,"599 Johnson Ave #1, Brooklyn, NY 11237, USA",11237,40.709474,-73.923322,East Williamsburg,80.0,4.31587757054041,31.0,4.25706214689266,40.0,4.49346405228758,79136.0,47183,32.6,Community,Young Adults (18 to 30),Relaxed,No,Yes,23.94
e1ef0021,Big Drip 20 XXL Pool Party,https://www.eventbrite.com/e/big-drip-20-xxl-pool-party-tickets-1425630913439,2025-08-10 20:00:00,2025-08-10 20:00:00,2025-08-11 02:00:00,2025-08-11 02:00:00,Single-Day-Ranged,360.0,Afternoon,6,Summer,"3535 Peachtree Rd Suite 520, Atlanta, GA 30326, USA",30326,33.8513685,-84.3582843,Buckhead,70.0,4.37247197038785,41.0,3.72727272727273,40.0,4.35115525352849,110208.0,8379,34.0,None,None,None,None,None,7.18
c64ed527,Ava Reid discusses A THEORY OF DREAMING at B&N Union Square,https://www.eventbrite.com/e/ava-reid-discusses-a-theory-of-dreaming-at-bn-union-square-tickets-1368875466369,2025-08-02 22:00:00,2025-08-02 22:00:00,,,Single-Day-Instant,,Evening,5,Summer,"33 E 17th St 5th floor, New York, NY 10003, USA",10003,40.7369082,-73.9895986,,80.0,4.46765308932889,40.0,3.71004184100418,40.0,4.14674985490424,152863.0,53877,32.2,Performing & Visual Arts,Adults / Professionals (25 to 45),Formal,No,Yes,24.9
1badaec1,FLAIR NYC,https://www.eventbrite.com/e/flair-nyc-tickets-1340138774149,2025-08-17 20:00:00,2025-08-17 20:00:00,2025-08-18 02:00:00,2025-08-18 02:00:00,Single-Day-Ranged,360.0,Afternoon,6,Summer,"145 Brooklyn Ave, Brooklyn, NY 11213, USA",11213,40.6744611,-73.9439863,Crown Heights,80.0,3.9908534688375,31.0,3.70294117647059,40.0,4.06894841269841,54211.0,69131,34.0,None,None,None,No,No,81.88
d852068f,DJ Lex Live in NYC Presented by Furtado Global,https://www.eventbrite.com/e/dj-lex-live-in-nyc-presented-by-furtado-global-tickets-1469944977999,2025-08-23 20:00:00,2025-08-23 20:00:00,2025-08-24 02:00:00,2025-08-24 02:00:00,Single-Day-Ranged,360.0,Afternoon,5,Summer,"599 Johnson Ave #1, Brooklyn, NY 11237, USA",11237,40.709474,-73.923322,East Williamsburg,80.0,4.31587757054041,31.0,4.25706214689266,40.0,4.49346405228758,79136.0,47183,32.6,Music,Young Adults (18 to 30),High-Energy,No,No,33.33
b33d5723,ALPFA NY Connect & Coast Summer Social,https://www.eventbrite.com/e/alpfa-ny-connect-coast-summer-social-tickets-1484665507499,2025-08-14 22:00:00,2025-08-14 22:00:00,2025-08-15 01:00:00,2025-08-15 01:00:00,Single-Day-Ranged,180.0,Evening,3,Summer,"225 Bowery 11th floor, New York, NY 10002, USA",10002,40.7218565,-73.9927822,,80.0,4.33058238148929,40.0,3.92413793103448,40.0,3.95071748878924,43362.0,76518,44.2,Business,Adults / Professionals (25 to 45),Professional,No,No,52.07
61d41fe6,"Titus Andronicus, Teenage Halloween",https://www.eventbrite.com/e/titus-andronicus-teenage-halloween-tickets-1320093066899,2025-08-13 23:00:00,2025-08-13 23:00:00,2025-08-14 02:00:00,2025-08-14 02:00:00,Single-Day-Ranged,180.0,Evening,2,Summer,"599 Johnson Ave #1, Brooklyn, NY 11237, USA",11237,40.709474,-73.923322,East Williamsburg,80.0,4.31587757054041,31.0,4.25706214689266,40.0,4.49346405228758,79136.0,47183,32.6,Community,Young Adults (18 to 30),Relaxed,No,Yes,46.67
6e47b3c3,"Never Dull, Soul Sugar, Cocoa Sensei",https://www.eventbrite.com/e/never-dull-soul-sugar-cocoa-sensei-tickets-1320067008959,2025-08-09 20:00:00,2025-08-09 20:00:00,2025-08-10 02:00:00,2025-08-10 02:00:00,Single-Day-Ranged,360.0,Afternoon,5,Summer,"599 Johnson Ave #1, Brooklyn, NY 11237, USA",11237,40.709474,-73.923322,East Williamsburg,80.0,4.31587757054041,31.0,4.25706214689266,40.0,4.49346405228758,79136.0,47183,32.6,Community,Young Adults (18 to 30),Relaxed,No,Yes,27.84
e2152312,Max Cooper,https://www.eventbrite.com/e/max-cooper-tickets-1394981500219,2025-08-22 23:00:00,2025-08-22 23:00:00,2025-08-23 02:30:00,2025-08-23 02:30:00,Single-Day-Ranged,210.0,Evening,4,Summer,"599 Johnson Ave #1, Brooklyn, NY 11237, USA",11237,40.709474,-73.923322,East Williamsburg,80.0,4.31587757054041,31.0,4.25706214689266,40.0,4.49346405228758,79136.0,47183,32.6,Community,Young Adults (18 to 30),Relaxed,No,No,33.33
bedbe788,Soho Forum Debate: Anna Gorisch vs. Glenn Greenwald,https://www.eventbrite.com/e/soho-forum-debate-anna-gorisch-vs-glenn-greenwald-tickets-1366146152919,2025-08-12 22:30:00,2025-08-12 22:30:00,,,Single-Day-Instant,,Evening,1,Summer,"18 Bleecker St, New York, NY 10012, USA",10012,40.725464,-73.9933999,,80.0,4.31270178533248,41.0,3.77660550458716,40.0,4.30792733278282,126890.0,21216,34.8,Government,Adults / Professionals (25 to 45),Professional,No,No,12.0
381b04a7,The Tallest Dwarf (NYC PREMIERE!),https://www.eventbrite.com/e/the-tallest-dwarf-nyc-premiere-tickets-1417496844219,2025-07-31 22:00:00,2025-07-31 22:00:00,2025-08-01 02:00:00,2025-08-01 02:00:00,Single-Day-Ranged,240.0,Evening,3,Summer,"334 Amsterdam Ave at, W 76th St, New York, NY 10023, USA",10023,40.7811304,-73.9802022,,80.0,4.38112550763875,40.0,3.50172413793103,40.0,3.84222591976336,151468.0,65706,43.0,Film & Media,None,None,No,No,22.25
094ab1d9,Vale Cinema Series Dive-In Movie: Blue Crush,https://www.eventbrite.com/e/vale-cinema-series-dive-in-movie-blue-crush-tickets-1407879679019,2025-07-28 23:00:00,2025-07-28 23:00:00,2025-07-29 02:00:00,2025-07-29 02:00:00,Single-Day-Ranged,180.0,Evening,0,Summer,"111 N 12th St p 111, Brooklyn, NY 11249, USA",11249,40.7228468,-73.9578689,Greenpoint,80.0,4.43373854378819,40.0,3.47190082644628,40.0,4.45526237476441,113946.0,45087,30.2,Film & Media,Young Adults (18 to 30),Relaxed,No,Yes,33.85
b1e64065,Black Summer's Night All Black Yacht Party,https://www.eventbrite.com/e/black-summers-night-all-black-yacht-party-tickets-1416124369109,2025-08-03 02:00:00,2025-08-03 02:00:00,2025-08-03 05:00:00,2025-08-03 05:00:00,Multi-Day,180.0,Night,5,Summer,"78 South St, New York, NY 10006, USA",10006,40.7043756,-74.0029654,,80.0,4.20952959848715,40.0,3.57213930348259,40.0,4.0240158188028,204574.0,3736,32.0,Food & Drink,Young Adults (18 to 30),High-Energy,Yes,Yes,44.52
cb196c8f,Leigh Bardugo & John Picacio celebrate THE INVISIBLE PARADE at B&N,https://www.eventbrite.com/e/leigh-bardugo-john-picacio-celebrate-the-invisible-parade-at-bn-tickets-1369003158299,2025-08-25 22:00:00,2025-08-25 22:00:00,,,Single-Day-Instant,,Evening,0,Summer,"33 E 17th St 5th floor, New York, NY 10003, USA",10003,40.7369082,-73.9895986,,80.0,4.46765308932889,40.0,3.71004184100418,40.0,4.14674985490424,152863.0,53877,32.2,Performing & Visual Arts,Adults / Professionals (25 to 45),Relaxed,No,Yes,24.9
68a4ec41,KANA Pop-Up Kitchen: Zest of Jeju,https://www.eventbrite.com/e/kana-pop-up-kitchen-zest-of-jeju-tickets-1420287380789,2025-08-02 23:00:00,2025-08-02 23:00:00,2025-08-03 02:30:00,2025-08-03 02:30:00,Single-Day-Ranged,210.0,Evening,5,Summer,"44 W 37th St, New York, NY 10018, USA",10018,40.7510743,-73.9853736,,80.0,4.2738168849237,43.0,3.95349143610013,40.0,3.83410380622837,149118.0,8659,33.2,Food & Drink,Adults / Professionals (25 to 45),Relaxed,Yes,Yes,35.0
ea49c039,Warm Up: Special Request | Nguzunguzu | Authentically Plastic | NEW YORK,https://www.eventbrite.com/e/warm-up-special-request-nguzunguzu-authentically-plastic-new-york-tickets-1395021850909,2025-08-15 20:00:00,2025-08-15 20:00:00,,,Single-Day-Instant,,Afternoon,4,Summer,"22-25 Jackson Ave, Queens, NY 11101, USA",11101,40.7456014,-73.947097,Long Island City,80.0,4.30008411136344,54.0,3.77257525083612,40.0,3.72388245033113,109625.0,34279,34.0,Music,None,High-Energy,Yes,Yes,22.25
8280a51b,BIKINI VS SHORTS BREAKFAST FETE BOATRIDE,https://www.eventbrite.com/e/bikini-vs-shorts-breakfast-fete-boatride-tickets-1371193268979,2025-07-18 04:30:00,2025-07-18 04:30:00,2025-08-17 21:00:00,2025-08-17 21:00:00,Single-Day-Ranged,44190.0,Night,3,Summer,"2430 FDR Dr, New York, NY 10010, USA",10010,40.7355481,-73.9744191,,80.0,4.44673274240161,41.0,2.83405483405483,40.0,4.38286252354049,150288.0,32410,35.8,Travel & Outdoor,Young Adults (18 to 30),High-Energy,Yes,No,28.52
444d97ab,Paginas y Perreo,https://www.eventbrite.com/e/paginas-y-perreo-tickets-1411367631579,2025-08-09 19:00:00,2025-08-09 19:00:00,2025-08-09 23:00:00,2025-08-09 23:00:00,Single-Day-Ranged,240.0,Afternoon,5,Summer,"175 E 4th St, New York, NY 10009, USA",10009,40.7246853,-73.9851342,,80.0,4.47349690953362,41.0,3.11475225225225,40.0,4.36893150684932,83344.0,58418,38.2,Community,Young Adults (18 to 30),High-Energy,Yes,Yes,23.18
152a7742,"Avery Friedman + Thomas Flynn, Hudson Freeman",https://www.eventbrite.com/e/avery-friedman-thomas-flynn-hudson-freeman-tickets-1367479661479,2025-08-10 23:00:00,2025-08-10 23:00:00,2025-08-11 02:00:00,2025-08-11 02:00:00,Single-Day-Ranged,180.0,Evening,6,Summer,"599 Johnson Ave #1, Brooklyn, NY 11237, USA",11237,40.7093375,-73.9232313,East Williamsburg,80.0,4.31587757054041,31.0,4.25706214689266,40.0,4.49346405228758,79136.0,47183,32.6,Community,None,None,No,No,20.87
f6c37b06,Rebecca Ross - Wild Reverence!,https://www.eventbrite.com/e/rebecca-ross-wild-reverence-tickets-1415867821769,2025-09-08 23:00:00,2025-09-08 23:00:00,,,Single-Day-Instant,,Evening,0,,"308 Clairemont Ave, Decatur, GA 30030, USA",30030,33.7787443,-84.2976363,Great Lakes,54.0,4.45298528522475,44.0,3.68912280701754,40.0,4.60688111424308,117774.0,31984,38.9,None,None,None,None,Yes,6.24
cdf11da2,2025 C3 Davos of Healthcare™ Summit - Healthcare Disrupted,https://www.eventbrite.com/e/2025-c3-davos-of-healthcaretm-summit-healthcare-disrupted-tickets-1250257757609,2025-08-28 00:00:00,2025-08-28 00:00:00,2025-09-08 23:00:00,2025-09-08 23:00:00,Single-Day-Ranged,17220.0,Evening,2,Summer,"38 E 37th St, New York, NY 10016, USA",10016,40.7490134,-73.9804716,,80.0,4.36068135803089,40.0,4.6162224797219,41.0,4.1291412911084,145864.0,54369,33.3,Health,Adults / Professionals (25 to 45),Professional,No,Yes,87.5
7e6b2c65,Brooklyn Rum Festival,https://www.eventbrite.com/e/brooklyn-rum-festival-tickets-1348130557789,2025-08-16 17:00:00,2025-08-16 17:00:00,2025-08-16 22:00:00,2025-08-16 22:00:00,Single-Day-Ranged,300.0,Afternoon,5,Summer,"153 26th St p 153, Brooklyn, NY 11232, USA",11232,40.6609469,-74.000021,Sunset Park,80.0,3.99685428024164,31.0,3.26269592476489,40.0,4.21318752010293,79599.0,28137,35.5,Food & Drink,Adults / Professionals (25 to 45),High-Energy,Yes,Yes,65.87
2314c2fa,"True Panther x Nina Presents: Kelora, Superfan, cleo walks through glass",https://www.eventbrite.com/e/true-panther-x-nina-presents-kelora-superfan-cleo-walks-through-glass-tickets-1358895937329,2025-07-30 00:00:00,2025-07-30 00:00:00,2025-07-30 03:00:00,2025-07-30 03:00:00,Single-Day-Ranged,180.0,Evening,1,Summer,"599 Johnson Ave #1, Brooklyn, NY 11237, USA",11237,40.7093375,-73.9232313,East Williamsburg,80.0,4.31587757054041,31.0,4.25706214689266,40.0,4.49346405228758,79136.0,47183,32.6,Music,Young Adults (18 to 30),High-Energy,No,No,20.87
1a812130,"Owaken Breathwork: The Owakening, Brooklyn, NYC",https://www.eventbrite.com/e/owaken-breathwork-the-owakening-brooklyn-nyc-tickets-1422927788319,2025-07-17 04:00:00,2025-07-17 04:00:00,2025-08-16 19:30:00,2025-08-16 19:30:00,Single-Day-Ranged,44130.0,Night,2,Summer,"100 Sutton St, Brooklyn, NY 11222, USA",11222,40.7265567,-73.9405296,Greenpoint,80.0,4.42545490742584,45.0,4.04562211981567,41.0,4.43053526089435,126250.0,40137,34.8,Health,Adults / Professionals (25 to 45),Spiritual,No,No,220.0
a9279067,Chicago Baking & Pastry Forum,https://www.eventbrite.com/e/chicago-baking-pastry-forum-tickets-976129949957,2025-09-04 05:00:00,2025-09-04 05:00:00,2025-09-06 21:00:00,2025-09-06 21:00:00,Multi-Day,3840.0,Night,3,,"740 W 63rd St, Chicago, IL 60621, USA",60621,41.7799649,-87.6439583,Englewood,27.0,3.9616979655712,28.0,3.5797619047619,40.0,4.06976744186047,30163.0,26997,37.4,Food & Drink,Adults / Professionals (25 to 45),Educational,No,Yes,395.0
168f3979,Chicago Loves Bachata Day,https://www.eventbrite.com/e/chicago-loves-bachata-day-tickets-1371292445619,2025-08-30 16:00:00,2025-08-30 16:00:00,2025-08-31 05:00:00,2025-08-31 05:00:00,Multi-Day,780.0,Afternoon,5,Summer,"3868 N Lincoln Ave 2ND FLOOR, Chicago, IL 60613, USA",60613,41.9521727,-87.6777586,North Center,75.0,4.29834343645485,44.0,3.10927419354839,40.0,4.38717992782265,92238.0,51961,33.7,Music,Young Adults (18 to 30),High-Energy,No,Yes,64.01
425bf3f8,"Iris Presents: Audien @ Believe Music Hall | Sat, Aug16th!",https://www.eventbrite.com/e/iris-presents-audien-believe-music-hall-sat-aug16th-tickets-1355282128329,2025-08-17 02:00:00,2025-08-17 02:00:00,2025-08-17 05:00:00,2025-08-17 05:00:00,Multi-Day,180.0,Night,5,Summer,"181 Ralph David Abernathy Blvd, Atlanta, GA 30312, USA",30312,33.7370465,-84.3937309,Mechanicsville,38.0,4.42732688418867,40.0,3.49090909090909,40.0,4.38981652181547,70540.0,26263,32.1,Music,Young Adults (18 to 30),High-Energy,No,No,24.05
8c170cfc,Shamar 25' - Unusual Miracles,https://www.eventbrite.com/e/shamar-25-unusual-miracles-tickets-1288907088799,2025-07-31 23:00:00,2025-07-31 23:00:00,,,Single-Day-Instant,,Evening,3,Summer,"4479 S Atlanta Rd SE p 4479, Smyrna, GA 30080, USA",30080,33.8455849,-84.4897254,,35.0,4.37687662733367,7.0,3.80618556701031,40.0,4.52081474873625,85061.0,53116,35.1,Spirituality,Adults / Professionals (25 to 45),Spiritual,Yes,Yes,75.47
10c1da8c,El Bembé,https://www.eventbrite.com/e/el-bembe-tickets-1447970240969,2025-08-02 03:00:00,2025-08-02 03:00:00,2025-08-02 05:00:00,2025-08-02 05:00:00,Multi-Day,120.0,Night,4,Summer,"6752 Collins Ave p 6752, Miami Beach, FL 33141, USA",33141,25.8516401,-80.120591,North Beach,24.0,4.30202370627349,36.0,3.15962732919255,40.0,4.02591562915508,61205.0,35967,44.3,Music,Young Adults (18 to 30),High-Energy,No,No,24.8
d8c0c4de,July 2025 Pasta Platter,https://www.eventbrite.com/e/july-2025-pasta-platter-tickets-1442370602299,2025-07-31 22:00:00,2025-07-31 22:00:00,2025-08-01 01:00:00,2025-08-01 01:00:00,Single-Day-Ranged,180.0,Evening,3,Summer,"4533 N Figueroa St, Los Angeles, CA 90065, USA",90065,34.0972899,-118.207413,Highland Park,3.0,4.63644859813084,1.0,4.3,40.0,4.9,88329.0,44897,38.7,Food & Drink,Adults / Professionals (25 to 45),Relaxed,No,Yes,49.87
e6c2466e,Cheers to Connections,https://www.eventbrite.com/e/cheers-to-connections-tickets-1344191034569,2025-09-25 21:30:00,2025-09-25 21:30:00,2025-09-26 01:00:00,2025-09-26 01:00:00,Single-Day-Ranged,210.0,Evening,3,,"240 Front St, San Francisco, CA 94111, USA",94111,37.7939667,-122.3986833,Financial District,80.0,4.44596588886372,40.0,4.2304660856385,40.0,4.20879744358941,164107.0,4468,44.9,Charity & Causes,Seniors / Older Adults (50+),High-Energy,No,Yes,85.0
b34ceefd,Tango with Winnie Collective,https://www.eventbrite.com/e/tango-with-winnie-collective-tickets-1405565116099,2025-08-16 23:30:00,2025-08-16 23:30:00,2025-08-17 01:00:00,2025-08-17 01:00:00,Single-Day-Ranged,90.0,Evening,5,Summer,"2698 Folsom St, San Francisco, CA 94110, USA",94110,37.7542109,-122.4144481,Mission District,80.0,4.41382927858248,39.0,3.65452322738386,40.0,4.48919619706137,152115.0,69679,39.0,Performing & Visual Arts,Adults / Professionals (25 to 45),Relaxed,No,Yes,32.78
5e06677a,"Parlour Magic, So Impartial, Gustafer",https://www.eventbrite.com/e/parlour-magic-so-impartial-gustafer-tickets-1330331209459,2025-08-02 22:00:00,2025-08-02 22:00:00,2025-08-03 02:00:00,2025-08-03 02:00:00,Single-Day-Ranged,240.0,Evening,5,Summer,"599 Johnson Ave #1, Brooklyn, NY 11237, USA",11237,40.7093375,-73.9232313,East Williamsburg,80.0,4.31587757054041,31.0,4.25706214689266,40.0,4.49346405228758,79136.0,47183,32.6,Community,None,None,Yes,No,20.87
8f09e6e5,Chicago 2025 Better Love Yourself Trunk Pep Rally for Education,https://www.eventbrite.com/e/chicago-2025-better-love-yourself-trunk-pep-rally-for-education-tickets-1438824515859,2025-07-27 18:00:00,2025-07-27 18:00:00,2025-07-28 00:00:00,2025-07-28 00:00:00,Single-Day-Ranged,360.0,Afternoon,6,Summer,"1900 W Jackson Blvd, Chicago, IL 60612, USA",60612,41.8778777,-87.6749639,Near West Side,25.0,3.88294179156501,32.0,3.83357664233577,40.0,4.60387096774194,58858.0,34459,34.2,School Activities,College Students,Educational,Yes,No,21.49
7abe479c,Jefa Chats,https://www.eventbrite.com/e/jefa-chats-tickets-1470757989739,2025-08-28 22:30:00,2025-08-28 22:30:00,2025-08-29 00:30:00,2025-08-29 00:30:00,Single-Day-Ranged,120.0,Evening,3,Summer,"2057 W 18th St, Chicago, IL 60608, USA",60608,41.8575222,-87.6781964,Lower West Side,49.0,4.45345785440613,25.0,3.31261261261261,40.0,4.68520848310568,66821.0,82749,34.1,Business,Adults / Professionals (25 to 45),Professional,Yes,Yes,40.0
bd53fc74,Craft & Crush: Speed Dating with Chi City Craft Club & Felix,https://www.eventbrite.com/e/craft-crush-speed-dating-with-chi-city-craft-club-felix-tickets-1442756315979,2025-07-30 22:00:00,2025-07-30 22:00:00,2025-07-31 00:30:00,2025-07-31 00:30:00,Single-Day-Ranged,150.0,Evening,2,Summer,"3301 N Clark St, Chicago, IL 60657, USA",60657,41.9418522,-87.6520807,Lake View East,80.0,4.46618556701031,44.0,3.53125,40.0,4.28359009866713,105428.0,71192,30.9,Hobbies,Young Adults (18 to 30),High-Energy,Yes,No,33.85
935d8d7b,Meowsicals,https://www.eventbrite.com/e/meowsicals-tickets-1428953501389,2025-08-03 01:30:00,2025-08-03 01:30:00,2025-08-03 03:00:00,2025-08-03 03:00:00,Single-Day-Ranged,90.0,Night,5,Summer,"956 W Newport Ave, Chicago, IL 60657, USA",60657,41.9446298,-87.6539594,Lake View East,80.0,4.46618556701031,44.0,3.53125,40.0,4.28359009866713,105428.0,71192,30.9,Performing & Visual Arts,Adults / Professionals (25 to 45),High-Energy,Yes,Yes,21.85
649788db,Master Your Craft - Fundamentals of the New Game,https://www.eventbrite.com/e/master-your-craft-fundamentals-of-the-new-game-tickets-1486688016879,2025-07-28 02:00:00,2025-07-28 02:00:00,2025-08-07 19:30:00,2025-08-07 19:30:00,Single-Day-Ranged,15450.0,Night,6,Summer,"6345 Powers Ferry Rd NW, Atlanta, GA 30339, USA",30339,33.9062797,-84.4301084,,36.0,4.36359649122807,5.0,2.3969696969697,40.0,3.76470588235294,97106.0,34292,33.5,Business,Adults / Professionals (25 to 45),Educational,Yes,Yes,567.5
21877696,Girls in Gis Georgia - Atlanta Event,https://www.eventbrite.com/e/girls-in-gis-georgia-atlanta-event-registration-1446975746409,2025-02-28 05:00:00,2025-02-28 05:00:00,2025-08-02 18:00:00,2025-08-02 18:00:00,Single-Day-Ranged,223980.0,Night,3,,"503 Amsterdam Ave NE, Atlanta, GA 30306, USA",30306,33.7879499,-84.3701443,Virginia-Highland,49.0,4.5162781327347,30.0,3.3125,40.0,4.56843313564186,120679.0,24493,38.3,Sports & Fitness,Families with Children,Relaxed,No,Yes,25.24
a0b9373c,"LUCIO BASTIEN, CPA, LLC GRAND OPENING",https://www.eventbrite.com/e/lucio-bastien-cpa-llc-grand-opening-tickets-1342763133679,2025-07-23 04:00:00,2025-07-23 04:00:00,2025-08-22 19:00:00,2025-08-22 19:00:00,Single-Day-Ranged,44100.0,Night,1,Summer,"Peachtree Tower, 191 Peachtree St, Atlanta, GA 30303, USA",30303,33.7590563,-84.3873043,Peachtree Center,80.0,4.21475997281545,42.0,3.6978021978022,40.0,3.95926420129623,-666666666.0,5974,22.0,Business,Adults / Professionals (25 to 45),Relaxed,Yes,Yes,81.68
46d73b86,Paint and Flow,https://www.eventbrite.com/e/paint-and-flow-tickets-1442603268209,2025-08-09 18:00:00,2025-08-09 18:00:00,2025-08-09 23:00:00,2025-08-09 23:00:00,Single-Day-Ranged,300.0,Afternoon,5,Summer,"Perkerson Park, 770 Deckner Ave SW, Atlanta, GA 30310, USA",30310,33.7142306,-84.4141209,Capitol View,42.0,3.93703070924782,34.0,2.67714285714286,40.0,3.94033613445378,45641.0,25847,36.0,Performing & Visual Arts,None,Relaxed,No,No,10.89
31b4d192,Roland Faunte in Atlanta - 7/27,https://www.eventbrite.com/e/roland-faunte-in-atlanta-727-tickets-1443635284999,2025-07-27 22:30:00,2025-07-27 22:30:00,2025-07-28 02:00:00,2025-07-28 02:00:00,Single-Day-Ranged,210.0,Evening,6,Summer,"1545 Peachtree St NE #102, Atlanta, GA 30309, USA",30309,33.7973338,-84.3881531,Midtown Atlanta,33.0,4.34726986849628,36.0,2.9421686746988,40.0,4.58394057857701,110303.0,29600,32.5,Music,None,Spiritual,No,Yes,35.0
202393d7,Sacred Start: A Sunrise Sound Bath,https://www.eventbrite.com/e/sacred-start-a-sunrise-sound-bath-tickets-1429013841869,2025-07-31 05:00:00,2025-07-31 05:00:00,2025-07-31 05:00:00,2025-07-31 05:00:00,Single-Day-Ranged,0.0,Night,3,Summer,"2341 Collins Ave, Miami Beach, FL 33139, USA",33139,25.7993977,-80.1272626,Mid-Beach,63.0,3.96878045335781,35.0,4.10545454545455,40.0,4.00317216679458,60971.0,35100,41.7,Spirituality,Young Adults (18 to 30),Spiritual,Yes,Yes,30.0
7adc24c2,One Fete 2025,https://www.eventbrite.com/e/one-fete-2025-tickets-1095738787209,2025-10-12 01:00:00,2025-10-12 01:00:00,2025-10-12 05:00:00,2025-10-12 05:00:00,Multi-Day,240.0,Night,5,,"10901 SW 24th St, Miami, FL 33165, USA",33165,25.747259,-80.37252,University Park,31.0,4.41517233915914,20.0,4.02247191011236,40.0,4.10207407407407,77482.0,52047,48.8,Music,Young Adults (18 to 30),High-Energy,No,Yes,58.06
7371855e,Build The Middle 2025: A National Housing Convening,https://www.eventbrite.com/e/build-the-middle-2025-a-national-housing-convening-registration-1407847623139,2025-08-14 05:00:00,2025-08-14 05:00:00,,,Single-Day-Instant,,Night,3,Summer,"168 S Los Robles Ave, Pasadena, CA 91101, USA",91101,34.1427889,-118.1406771,,80.0,4.33803093981937,47.0,3.92546419098143,40.0,4.14930371352785,86631.0,19737,37.0,Community,Adults / Professionals (25 to 45),Educational,No,No,39.19
04deb0cb,BOTH - A Live Comedy Pilot Reading,https://www.eventbrite.com/e/both-a-live-comedy-pilot-reading-tickets-1442749676119,2025-07-30 23:30:00,2025-07-30 23:30:00,2025-07-31 01:00:00,2025-07-31 01:00:00,Single-Day-Ranged,90.0,Evening,2,Summer,"2106 Hyperion Ave, Los Angeles, CA 90027, USA",90027,34.098814,-118.2736858,Central LA,3.0,3.52439024390244,9.0,4.23333333333333,40.0,4.68692869030854,86826.0,45764,38.1,Performing & Visual Arts,Young Adults (18 to 30),Relaxed,Yes,Yes,14.53
24cb8a88,2025 International Bulk Wine and Spirits Show San Francisco,https://www.eventbrite.com/e/2025-international-bulk-wine-and-spirits-show-san-francisco-tickets-1332094553669,2011-07-29 04:00:00,2011-07-29 04:00:00,2025-07-30 21:00:00,2025-07-30 21:00:00,Multi-Day,7366620.0,Night,4,Summer,"255 S Airport Blvd, South San Francisco, CA 94080, USA",94080,37.6474606,-122.4043781,,49.0,4.04572674418605,42.0,4.35780821917808,40.0,3.87171664266073,126916.0,66262,42.2,Business,Adults / Professionals (25 to 45),Educational,No,No,39.0
56c01a1b,"EVAN GIIA (DJ Set), Ksenyeah",https://www.eventbrite.com/e/evan-giia-dj-set-ksenyeah-tickets-1450756905959,2025-08-07 22:00:00,2025-08-07 22:00:00,2025-08-08 02:00:00,2025-08-08 02:00:00,Single-Day-Ranged,240.0,Evening,3,Summer,"599 Johnson Ave #1, Brooklyn, NY 11237, USA",11237,40.709474,-73.923322,East Williamsburg,80.0,4.31587757054041,31.0,4.25706214689266,40.0,4.49346405228758,79136.0,47183,32.6,Community,Young Adults (18 to 30),Relaxed,No,Yes,23.94
fef06790,Brooklyn Unity Fest House Party,https://www.eventbrite.com/e/brooklyn-unity-fest-house-party-tickets-1432319017739,2025-08-02 17:00:00,2025-08-02 17:00:00,2025-08-03 00:00:00,2025-08-03 00:00:00,Single-Day-Ranged,420.0,Afternoon,5,Summer,"736 Rutland Rd, Brooklyn, NY 11203, USA",11203,40.6600931,-73.9359706,Little Caribbean,62.0,3.86796185935638,35.0,3.8301775147929,40.0,2.6,68006.0,78506,42.3,Community,Families with Children,High-Energy,Yes,Yes,17.85
46e3cc53,"A-Trak & Friends w/ Moon Boots, Oliver Dollar, Sky Jetta, Omicasa + more",https://www.eventbrite.com/e/a-trak-friends-w-moon-boots-oliver-dollar-sky-jetta-omicasa-more-tickets-1373388575199,2025-08-02 02:30:00,2025-08-02 02:30:00,2025-08-02 05:00:00,2025-08-02 05:00:00,Multi-Day,150.0,Night,4,Summer,"599 Johnson Ave #1, Brooklyn, NY 11237, USA",11237,40.709474,-73.923322,East Williamsburg,80.0,4.31587757054041,31.0,4.25706214689266,40.0,4.49346405228758,79136.0,47183,32.6,Music,Young Adults (18 to 30),High-Energy,No,No,29.15
0fe8dc67,"Giraffage + Chrome Sparks, Samsara: Maria Nocheydia, Dysco, HVED",https://www.eventbrite.com/e/giraffage-chrome-sparks-samsara-maria-nocheydia-dysco-hved-tickets-1393022791669,2025-08-10 02:30:00,2025-08-10 02:30:00,2025-08-10 05:00:00,2025-08-10 05:00:00,Multi-Day,150.0,Night,5,Summer,"599 Johnson Ave #1, Brooklyn, NY 11237, USA",11237,40.709474,-73.923322,East Williamsburg,80.0,4.31587757054041,31.0,4.25706214689266,40.0,4.49346405228758,79136.0,47183,32.6,Music,Young Adults (18 to 30),High-Energy,No,No,29.15
622afff3,H20 THE WATER FETE,https://www.eventbrite.com/e/h20-the-water-fete-tickets-1368319844489,2025-08-23 16:00:00,2025-08-23 16:00:00,2025-08-23 23:00:00,2025-08-23 23:00:00,Single-Day-Ranged,420.0,Afternoon,5,Summer,"5001 Bergenline Ave, West New York, NJ 07093, USA",07093,40.7830023,-74.0209667,,80.0,4.41038813102548,42.0,4.26218905472637,40.0,4.43787164612038,70683.0,64203,37.2,Music,Young Adults (18 to 30),High-Energy,No,Yes,33.85
fcb7e8be,Beach Rooftop Arab Party (New York),https://www.eventbrite.com/e/beach-rooftop-arab-party-new-york-tickets-1370222605699,2025-08-02 21:00:00,2025-08-02 21:00:00,2025-08-03 02:00:00,2025-08-03 02:00:00,Single-Day-Ranged,300.0,Evening,5,Summer,"3015 Stillwell Ave, Brooklyn, NY 11224, USA",11224,40.5749228,-73.9808785,Coney Island,54.0,4.06212700568202,46.0,4.35731642894876,40.0,4.18121870529328,40467.0,47893,49.4,Music,Young Adults (18 to 30),High-Energy,No,Yes,32.78
b1783aa4,Warm Up:DJ Stingray 313| DJ Travella| Natural Wonder Beauty Concept| xexexe,https://www.eventbrite.com/e/warm-updj-stingray-313-dj-travella-natural-wonder-beauty-concept-xexexe-tickets-1395022422619,2025-08-22 20:00:00,2025-08-22 20:00:00,,,Single-Day-Instant,,Afternoon,4,Summer,"22-25 Jackson Ave, Queens, NY 11101, USA",11101,40.7456014,-73.947097,Long Island City,80.0,4.30008411136344,54.0,3.77257525083612,40.0,3.72388245033113,109625.0,34279,34.0,Music,None,High-Energy,Yes,No,22.25
9708f4fc,The Feels Level 2 ed 4: a hand-matched IRL evening,https://www.eventbrite.com/e/the-feels-level-2-ed-4-a-hand-matched-irl-evening-tickets-1378282844089,2025-08-01 22:30:00,2025-08-01 22:30:00,2025-08-02 01:30:00,2025-08-02 01:30:00,Single-Day-Ranged,180.0,Evening,4,Summer,"120 Walker St 5th floor, New York, NY 10013, USA",10013,40.7176017,-73.9997659,,80.0,4.30834596522515,40.0,2.91931216931217,41.0,4.12168080489248,150675.0,29453,40.2,Spirituality,Adults / Professionals (25 to 45),Spiritual,No,Yes,212.56
e4f6b839,"Luna Shadows, Laveda, Croaker",https://www.eventbrite.com/e/luna-shadows-laveda-croaker-tickets-1321605440449,2025-08-09 23:00:00,2025-08-09 23:00:00,2025-08-10 02:00:00,2025-08-10 02:00:00,Single-Day-Ranged,180.0,Evening,5,Summer,"599 Johnson Ave #1, Brooklyn, NY 11237, USA",11237,40.7093375,-73.9232313,East Williamsburg,80.0,4.31587757054041,31.0,4.25706214689266,40.0,4.49346405228758,79136.0,47183,32.6,Community,None,None,Yes,No,23.94
2f991e21,"Michael Cera Palin, Oolong, Ogbert The Nerd",https://www.eventbrite.com/e/michael-cera-palin-oolong-ogbert-the-nerd-tickets-1342497047809,2025-08-16 23:00:00,2025-08-16 23:00:00,2025-08-17 02:00:00,2025-08-17 02:00:00,Single-Day-Ranged,180.0,Evening,5,Summer,"599 Johnson Ave #1, Brooklyn, NY 11237, USA",11237,40.7093375,-73.9232313,East Williamsburg,80.0,4.31587757054041,31.0,4.25706214689266,40.0,4.49346405228758,79136.0,47183,32.6,Community,None,None,Yes,No,27.84
4ffd97fc,ARTIFICIAL INTELLIGENCE: Meganne George Short Play Festival: Program B,https://www.eventbrite.com/e/artificial-intelligence-meganne-george-short-play-festival-program-b-tickets-1434684151919,2025-08-05 00:00:00,2025-08-05 00:00:00,2025-08-09 19:30:00,2025-08-09 19:30:00,Multi-Day,6930.0,Evening,0,Summer,"458 W 37th St, New York, NY 10018, USA",10018,40.7562725,-73.9974697,,80.0,4.2738168849237,43.0,3.95349143610013,40.0,3.83410380622837,149118.0,8659,33.2,Performing & Visual Arts,Teens / High School Students,None,No,Yes,23.18
76f6dbef,Tau Omega’s Centennial BBQ!,https://www.eventbrite.com/e/tau-omegas-centennial-bbq-tickets-1444581364749,2025-08-16 16:00:00,2025-08-16 16:00:00,2025-08-16 23:30:00,2025-08-16 23:30:00,Single-Day-Ranged,450.0,Afternoon,5,Summer,"20 Randalls Island Park, New York, NY 10035, USA",10035,40.7826813,-73.9312325,,54.0,4.40602291646264,34.0,3.66961451247166,40.0,4.59147493524303,36989.0,38595,37.1,Community,Families with Children,Relaxed,Yes,Yes,28.52
c95eb50c,Rum and Music | Experience Dancehall - The Ultimate Dancehall Bashment,https://www.eventbrite.com/e/rum-and-music-experience-dancehall-the-ultimate-dancehall-bashment-tickets-1448303537869,2025-08-28 21:00:00,2025-08-28 21:00:00,,,Single-Day-Instant,,Evening,3,Summer,"200 Eastern Pkwy p 200, Brooklyn, NY 11238, USA",11238,40.6710689,-73.9632133,,80.0,4.17120817956319,43.0,3.93132530120482,40.0,4.32755555555556,125747.0,58047,35.3,Music,Young Adults (18 to 30),High-Energy,No,Yes,67.78
2e540240,"Laxcity, gabby start, Nebita",https://www.eventbrite.com/e/laxcity-gabby-start-nebita-tickets-1447598509109,2025-08-18 00:00:00,2025-08-18 00:00:00,2025-08-18 03:00:00,2025-08-18 03:00:00,Single-Day-Ranged,180.0,Evening,6,Summer,"599 Johnson Ave #1, Brooklyn, NY 11237, USA",11237,40.7093375,-73.9232313,East Williamsburg,80.0,4.31587757054041,31.0,4.25706214689266,40.0,4.49346405228758,79136.0,47183,32.6,Community,None,None,No,No,20.87
bad326dd,"Unwound: 30 Years of  'The Future Of What’, Zwei Null Zwei",https://www.eventbrite.com/e/unwound-30-years-of-the-future-of-what-zwei-null-zwei-tickets-1330313095279,2025-09-08 23:00:00,2025-09-08 23:00:00,2025-09-09 02:30:00,2025-09-09 02:30:00,Single-Day-Ranged,210.0,Evening,0,,"599 Johnson Ave #1, Brooklyn, NY 11237, USA",11237,40.709474,-73.923322,East Williamsburg,80.0,4.31587757054041,31.0,4.25706214689266,40.0,4.49346405228758,79136.0,47183,32.6,Community,None,None,Yes,No,46.67
626b15ce,NYSPTA Summer Social in NYC!,https://www.eventbrite.com/e/nyspta-summer-social-in-nyc-tickets-1429224953309,2025-07-31 21:30:00,2025-07-31 21:30:00,2025-08-01 00:30:00,2025-08-01 00:30:00,Single-Day-Ranged,180.0,Evening,3,Summer,"71 W 35th St, New York, NY 10001, USA",10001,40.7503922,-73.9868091,,80.0,4.20691960483734,43.0,3.98071456513235,40.0,3.97770440862303,106509.0,27004,35.7,Community,Adults / Professionals (25 to 45),Relaxed,Yes,No,139.0
9c866d23,Creative's Haus,https://www.eventbrite.com/e/creatives-haus-tickets-1388975315559,2025-08-02 19:00:00,2025-08-02 19:00:00,2025-08-02 23:00:00,2025-08-02 23:00:00,Single-Day-Ranged,240.0,Afternoon,5,Summer,"1386 St Johns Pl, Brooklyn, NY 11213, USA",11213,40.670448,-73.9324613,Crown Heights,80.0,3.9908534688375,31.0,3.70294117647059,40.0,4.06894841269841,54211.0,69131,34.0,Business,Adults / Professionals (25 to 45),Professional,No,Yes,30.65
fbb681a8,Green City Market's 2025 Chef BBQ,https://www.eventbrite.com/e/green-city-markets-2025-chef-bbq-tickets-1344864107749,2025-09-04 22:30:00,2025-09-04 22:30:00,2025-09-05 01:00:00,2025-09-05 01:00:00,Single-Day-Ranged,150.0,Evening,3,,"1817 N Clark St, Chicago, IL 60614, USA",60614,41.915897,-87.6341932,Lincoln Park,80.0,4.57347593839078,40.0,3.16744186046512,40.0,4.55233649277897,135364.0,71701,31.0,Food & Drink,Adults / Professionals (25 to 45),Relaxed,Yes,Yes,188.77
7ade2470,LEGACY PROJECT SUMMER YACHT PARTY - V,https://www.eventbrite.com/e/legacy-project-summer-yacht-party-v-tickets-1390760344629,2025-08-06 22:00:00,2025-08-06 22:00:00,2025-08-07 02:00:00,2025-08-07 02:00:00,Single-Day-Ranged,240.0,Evening,2,Summer,"200 N Breakwater Access, Chicago, IL 60601, USA",60601,41.8879587,-87.6128952,Chicago Loop,80.0,4.32822515838457,40.0,3.82660256410256,40.0,4.34768441308531,121294.0,16398,31.8,Travel & Outdoor,Adults / Professionals (25 to 45),High-Energy,Yes,Yes,161.9
c64df39b,Latin Night & Tequila Tasting,https://www.eventbrite.com/e/latin-night-in-chicago-tickets-1444955543929,2025-07-27 23:00:00,2025-07-27 23:00:00,2025-07-28 03:59:00,2025-07-28 03:59:00,Single-Day-Ranged,299.0,Evening,6,Summer,"N Milwaukee Ave, Chicago, IL 60647, USA",60647,41.9213817,-87.694857,,74.0,4.57011259336331,35.0,3.58208955223881,40.0,4.66592224979322,97550.0,85685,32.7,Music,Young Adults (18 to 30),High-Energy,No,No,15.0
2dd83de0,2025 Chicago Beer Fest,https://www.eventbrite.com/e/2025-chicago-beer-fest-tickets-1395289300859,2025-10-04 23:00:00,2025-10-04 23:00:00,2025-10-05 03:00:00,2025-10-05 03:00:00,Single-Day-Ranged,240.0,Evening,5,,"1400 S Lake Shore Dr, Chicago, IL 60605, USA",60605,41.866261,-87.6169805,Near South Side,80.0,4.45749722138022,45.0,3.162,40.0,4.08553451858693,116462.0,34314,32.9,Food & Drink,Adults / Professionals (25 to 45),Relaxed,Yes,Yes,69.18
525b337d,Wamono: The Art of Japanese Rare Groove,https://www.eventbrite.com/e/wamono-the-art-of-japanese-rare-groove-tickets-1373542264889,2025-08-07 22:00:00,2025-08-07 22:00:00,2025-08-08 01:00:00,2025-08-08 01:00:00,Single-Day-Ranged,180.0,Evening,3,Summer,"1531 N Wells St, Chicago, IL 60610, USA",60610,41.9100746,-87.6344739,Near North Side,80.0,4.38699343951663,44.0,3.32347826086957,40.0,4.43511300360301,106277.0,42904,32.3,Performing & Visual Arts,Adults / Professionals (25 to 45),Relaxed,Yes,Yes,55.09
ce3c3062,Camp Cabaret: Student  Showcase 7pm Evening Show,https://www.eventbrite.com/e/camp-cabaret-student-showcase-7pm-evening-show-tickets-1475472731659,2025-08-24 23:00:00,2025-08-24 23:00:00,,,Single-Day-Instant,,Evening,6,Summer,"956 W Newport Ave, Chicago, IL 60657, USA",60657,41.9446298,-87.6539594,Lake View East,80.0,4.46618556701031,44.0,3.53125,40.0,4.28359009866713,105428.0,71192,30.9,Performing & Visual Arts,None,Relaxed,No,Yes,23.18
7dea549a,Air & Water Show Preview - Friday 8/15,https://www.eventbrite.com/e/air-water-show-preview-friday-815-tickets-1215531309869,2025-07-16 04:00:00,2025-07-16 04:00:00,2025-08-15 18:00:00,2025-08-15 18:00:00,Single-Day-Ranged,44040.0,Night,1,Summer,"1603 N Jean Baptiste Pointe du Sable Lake Shore Dr, Chicago, IL 60610, USA",60610,41.9148939,-87.6264129,Lincoln Park,80.0,4.38699343951663,44.0,3.32347826086957,40.0,4.43511300360301,106277.0,42904,32.3,"Auto, Boat & Air",None,High-Energy,Yes,Yes,141.5
403e2d4b,DANCE DANCE REVOLUTION: A Community Fundraiser,https://www.eventbrite.com/e/dance-dance-revolution-a-community-fundraiser-tickets-1435657463119,2025-08-02 22:00:00,2025-08-02 22:00:00,2025-08-03 01:00:00,2025-08-03 01:00:00,Single-Day-Ranged,180.0,Evening,5,Summer,"2717 W Madison St, Chicago, IL 60612, USA",60612,41.8808386,-87.6947236,Garfield Park,25.0,3.88294179156501,32.0,3.83357664233577,40.0,4.60387096774194,58858.0,34459,34.2,Community,None,High-Energy,No,Yes,15.0
a48dcbc0,Clink & Sip Festival,https://www.eventbrite.com/e/clink-sip-festival-tickets-1099979140219,2025-09-21 19:00:00,2025-09-21 19:00:00,2025-09-22 00:00:00,2025-09-22 00:00:00,Single-Day-Ranged,300.0,Afternoon,6,,"401 N Morgan St Suite #100, Chicago, IL 60642, USA",60642,41.8895808,-87.6516783,West Town,61.0,4.42234525837592,45.0,3.60264227642276,40.0,4.49878741947707,137853.0,21444,32.0,Food & Drink,None,Relaxed,No,Yes,108.55
dcd7284a,Sanctuary Disco Summer Social,https://www.eventbrite.com/e/sanctuary-disco-summer-social-tickets-1447547235749,2025-07-27 21:00:00,2025-07-27 21:00:00,2025-07-28 00:00:00,2025-07-28 00:00:00,Single-Day-Ranged,180.0,Evening,6,Summer,"10 W Hubbard St p 10, Chicago, IL 60654, USA",60654,41.8902267,-87.6286227,River North,80.0,4.36566610455312,44.0,3.48562197092084,40.0,4.13833298947803,138279.0,23475,32.4,Food & Drink,Adults / Professionals (25 to 45),High-Energy,No,Yes,33.85
eee13c78,The Air & Water Show Booze Cruise!,https://www.eventbrite.com/e/the-air-water-show-booze-cruise-tickets-1394930517729,2025-08-16 17:00:00,2025-08-16 17:00:00,2025-08-16 20:00:00,2025-08-16 20:00:00,Single-Day-Ranged,180.0,Afternoon,5,Summer,"900 S Wells St, Chicago, IL 60607, USA",60607,41.8708298,-87.6349614,Chicago Loop,76.0,4.49554310764735,45.0,3.01035953686776,40.0,3.93678948089303,119500.0,28797,30.9,"Auto, Boat & Air",Young Adults (18 to 30),High-Energy,No,Yes,36.9
68c0033e,2025 SPESA Executive Conference,https://www.eventbrite.com/e/2025-spesa-executive-conference-tickets-1325637169459,2025-08-27 21:00:00,2025-08-27 21:00:00,2025-08-29 19:00:00,2025-08-29 19:00:00,Multi-Day,2760.0,Evening,2,Summer,"20 E Chestnut St, Chicago, IL 60611, USA",60611,41.8987007,-87.6272703,Rush & Division,80.0,4.40593294588359,40.0,3.82990654205607,40.0,4.10039676241866,126812.0,35247,38.3,Business,None,Professional,Yes,Yes,295.22
bc6cf9a0,Chicago Yacht Club VIP reception with Great Lakes Port Directors,https://www.eventbrite.com/e/chicago-yacht-club-vip-reception-with-great-lakes-port-directors-tickets-1450167482979,2025-08-13 21:00:00,2025-08-13 21:00:00,2025-08-13 23:30:00,2025-08-13 23:30:00,Single-Day-Ranged,150.0,Evening,2,Summer,"400 E Monroe St, Chicago, IL 60603, USA",60603,41.8812575,-87.6162525,Chicago Loop,80.0,4.32800879082621,43.0,3.99594137542277,40.0,4.41500535905681,124888.0,1110,40.0,"Auto, Boat & Air",None,Professional,No,Yes,85.0
8aee45d6,Summer Wine Down,https://www.eventbrite.com/e/summer-wine-down-tickets-1428149717249,2025-08-23 17:00:00,2025-08-23 17:00:00,2025-08-24 00:00:00,2025-08-24 00:00:00,Single-Day-Ranged,420.0,Afternoon,5,Summer,"3635 N Clark St, Chicago, IL 60613, USA",60613,41.9482098,-87.6569588,Lake View East,75.0,4.29834343645485,44.0,3.10927419354839,40.0,4.38717992782265,92238.0,51961,33.7,Food & Drink,None,Relaxed,No,No,55.19
a87ceadb,"Author Talk: ""The Invisible Spy"" by Thomas Maier (IN PERSON)",https://www.eventbrite.com/e/author-talk-the-invisible-spy-by-thomas-maier-in-person-tickets-1367467725779,2025-07-29 22:00:00,2025-07-29 22:00:00,2025-07-29 23:00:00,2025-07-29 23:00:00,Single-Day-Ranged,60.0,Evening,1,Summer,"180 North Michigan Ave, Chicago, IL 60601, USA",60601,41.885556,-87.6249239,Chicago Loop,80.0,4.32822515838457,40.0,3.82660256410256,40.0,4.34768441308531,121294.0,16398,31.8,Film & Media,Adults / Professionals (25 to 45),Educational,No,Yes,10.38
e5186f91,Saturday Night Fireworks Booze Cruise!,https://www.eventbrite.com/e/saturday-night-fireworks-booze-cruise-tickets-1417614185189,2025-08-17 00:30:00,2025-08-17 00:30:00,2025-08-17 03:30:00,2025-08-17 03:30:00,Single-Day-Ranged,180.0,Evening,5,Summer,"900 S Wells St, Chicago, IL 60607, USA",60607,41.8708298,-87.6349614,Chicago Loop,76.0,4.49554310764735,45.0,3.01035953686776,40.0,3.93678948089303,119500.0,28797,30.9,Travel & Outdoor,Young Adults (18 to 30),High-Energy,No,Yes,48.53
b861dfe6,The Pilsen Cruise 2 (The Finale) Latin Beats Boat Party and Fireworks Show!,https://www.eventbrite.com/e/the-pilsen-cruise-2-the-finale-latin-beats-boat-party-and-fireworks-show-tickets-1362555342709,2025-08-16 23:30:00,2025-08-16 23:30:00,2025-08-17 03:00:00,2025-08-17 03:00:00,Single-Day-Ranged,210.0,Evening,5,Summer,"900 S Wells St, Chicago, IL 60607, USA",60607,41.8709069,-87.6348684,Chicago Loop,76.0,4.49554310764735,45.0,3.01035953686776,40.0,3.93678948089303,119500.0,28797,30.9,Music,Young Adults (18 to 30),High-Energy,Yes,Yes,39.19
b9e83f87,Marsupial Masterpiece: Opossum Paint and Sip! +21 BYOB,https://www.eventbrite.com/e/marsupial-masterpiece-opossum-paint-and-sip-21-byob-tickets-1448307730409,2025-07-27 22:00:00,2025-07-27 22:00:00,2025-07-28 00:00:00,2025-07-28 00:00:00,Single-Day-Ranged,120.0,Evening,6,Summer,"2870 N Milwaukee Ave, Chicago, IL 60618, USA",60618,41.9333731,-87.7147596,Avondale,61.0,4.47159100171163,26.0,3.5628,40.0,4.4742061281337,100976.0,92235,35.4,Hobbies,None,Relaxed,No,Yes,78.69
34cb465a,5th Annual COI Connect on the Water in Support of Fellowship Housing,https://www.eventbrite.com/e/5th-annual-coi-connect-on-the-water-in-support-of-fellowship-housing-tickets-1342432344279,2025-08-28 21:00:00,2025-08-28 21:00:00,2025-08-28 23:00:00,2025-08-28 23:00:00,Single-Day-Ranged,120.0,Evening,3,Summer,"400 N Michigan Ave, Chicago, IL 60611, USA",60611,41.8892107,-87.6244245,River North,80.0,4.40593294588359,40.0,3.82990654205607,40.0,4.10039676241866,126812.0,35247,38.3,Charity & Causes,Adults / Professionals (25 to 45),High-Energy,Yes,Yes,76.54
7ebe4197,Flow & Fuel: A Morning Yoga Social,https://www.eventbrite.com/e/flow-fuel-a-morning-yoga-social-tickets-1461675894949,2025-02-28 05:00:00,2025-02-28 05:00:00,2025-08-02 17:30:00,2025-08-02 17:30:00,Single-Day-Ranged,223950.0,Night,3,,"Palmer Square Park, 2200 N Kedzie Blvd, Chicago, IL 60647, USA",60647,41.9210378,-87.7046303,Logan Square,74.0,4.57011259336331,35.0,3.58208955223881,40.0,4.66592224979322,97550.0,85685,32.7,Health,Young Adults (18 to 30),Relaxed,Yes,Yes,39.19
334a04a1,Arab Summer Cruise (Chicago),https://www.eventbrite.com/e/arab-summer-cruise-chicago-tickets-1399484067519,2025-09-06 16:00:00,2025-09-06 16:00:00,2025-09-06 21:00:00,2025-09-06 21:00:00,Single-Day-Ranged,300.0,Afternoon,5,,"200 N Breakwater Access, Chicago, IL 60601, USA",60601,41.8879587,-87.6128952,Chicago Loop,80.0,4.32822515838457,40.0,3.82660256410256,40.0,4.34768441308531,121294.0,16398,31.8,Travel & Outdoor,Young Adults (18 to 30),High-Energy,No,No,59.47
6cd9a30f,Tour Elijah Muhammad House NTC 2025 Weekend,https://www.eventbrite.com/e/tour-elijah-muhammad-house-ntc-2025-weekend-tickets-1445356533299,2025-07-27 20:00:00,2025-07-27 20:00:00,2025-07-27 21:30:00,2025-07-27 21:30:00,Single-Day-Ranged,90.0,Afternoon,6,Summer,"4847 S Woodlawn Ave p 4847, Chicago, IL 60615, USA",60615,41.8064647,-87.5963166,Kenwood,34.0,4.07609680495947,29.0,4.50322580645161,40.0,4.22391423859263,56518.0,42780,34.7,Community,None,Professional,No,Yes,28.52
9f56ca23,80s y 90s en Español: Afternoon Boat Party  (Air and Water Show Edition),https://www.eventbrite.com/e/80s-y-90s-en-espanol-afternoon-boat-party-air-and-water-show-edition-tickets-1377023567559,2025-08-16 19:30:00,2025-08-16 19:30:00,2025-08-16 23:00:00,2025-08-16 23:00:00,Single-Day-Ranged,210.0,Afternoon,5,Summer,"900 S Wells St, Chicago, IL 60607, USA",60607,41.8709069,-87.6348684,Chicago Loop,76.0,4.49554310764735,45.0,3.01035953686776,40.0,3.93678948089303,119500.0,28797,30.9,Music,Young Adults (18 to 30),High-Energy,Yes,Yes,42.72
aa1b4197,Earthcraft: A celebration of artistic sustainability,https://www.eventbrite.com/e/earthcraft-a-celebration-of-artistic-sustainability-tickets-1422319579149,2025-08-21 16:00:00,2025-08-21 16:00:00,2025-08-21 22:00:00,2025-08-21 22:00:00,Single-Day-Ranged,360.0,Afternoon,3,Summer,"800 S Halsted St, Chicago, IL 60607, USA",60607,41.871626,-87.647437,Little Italy,76.0,4.49554310764735,45.0,3.01035953686776,40.0,3.93678948089303,119500.0,28797,30.9,Performing & Visual Arts,Young Adults (18 to 30),Relaxed,Yes,Yes,3.26
72ee6ef0,J.Parker Flight Club | Air & Water Show Saturday Party,https://www.eventbrite.com/e/jparker-flight-club-air-water-show-saturday-party-tickets-1397132423689,2025-07-17 04:00:00,2025-07-17 04:00:00,2025-08-16 19:00:00,2025-08-16 19:00:00,Single-Day-Ranged,44100.0,Night,2,Summer,"1816 N Clark St, Chicago, IL 60614, USA",60614,41.91527,-87.63438,Old Town Triangle,80.0,4.57347593839078,40.0,3.16744186046512,40.0,4.55233649277897,135364.0,71701,31.0,"Auto, Boat & Air",Young Adults (18 to 30),High-Energy,Yes,No,143.53
908d4283,Beyond The Glass Gala: A Food & Wine Experience,https://www.eventbrite.com/e/beyond-the-glass-gala-a-food-wine-experience-tickets-1438820473769,2025-08-09 23:00:00,2025-08-09 23:00:00,2025-08-10 03:00:00,2025-08-10 03:00:00,Single-Day-Ranged,240.0,Evening,5,Summer,"East Entrance, 838 W Kinzie St, Chicago, IL 60642, USA",60642,41.889111,-87.6490435,West Town,61.0,4.42234525837592,45.0,3.60264227642276,40.0,4.49878741947707,137853.0,21444,32.0,Food & Drink,None,Relaxed,No,Yes,90.0
7dc850f2,Remembering the Eastland Disaster: 110 Years Later,https://www.eventbrite.com/e/remembering-the-eastland-disaster-110-years-later-tickets-1400456516139,2025-08-02 16:00:00,2025-08-02 16:00:00,2025-08-02 19:00:00,2025-08-02 19:00:00,Single-Day-Ranged,180.0,Afternoon,5,Summer,"7700 Madison St, Forest Park, IL 60130, USA",60130,41.8790847,-87.8170923,,13.0,3.97828995297702,22.0,3.89061224489796,40.0,3.88498014482597,78625.0,14165,42.2,Community,Adults / Professionals (25 to 45),Educational,Yes,Yes,17.85
30cec084,2025 NHS Metro Board Summer Soiree Dock-D Fundraiser!,https://www.eventbrite.com/e/2025-nhs-metro-board-summer-soiree-dock-d-fundraiser-tickets-1489137834349,2025-07-31 22:00:00,2025-07-31 22:00:00,2025-08-01 01:00:00,2025-08-01 01:00:00,Single-Day-Ranged,180.0,Evening,3,Summer,"3155 S DuSable Lake Shore Dr, Chicago, IL 60616, USA",60616,41.838367,-87.6068035,Douglas,20.0,3.62155486450466,37.0,3.39387755102041,40.0,4.02564102564103,72326.0,52707,37.6,"Auto, Boat & Air",Adults / Professionals (25 to 45),Relaxed,Yes,Yes,7.18
f4aacb7b,"""The Lake House"" (Sundown Cruise) 8/8",https://www.eventbrite.com/e/the-lake-house-sundown-cruise-88-tickets-1331408932959,2025-08-09 00:00:00,2025-08-09 00:00:00,2025-08-09 03:30:00,2025-08-09 03:30:00,Single-Day-Ranged,210.0,Evening,4,Summer,"900 S Wells St, Chicago, IL 60607, USA",60607,41.8708298,-87.6349614,Chicago Loop,76.0,4.49554310764735,45.0,3.01035953686776,40.0,3.93678948089303,119500.0,28797,30.9,Travel & Outdoor,Young Adults (18 to 30),High-Energy,No,No,54.36
5ca8e7da,Suminagashi - Japanese Paper Marbling Workshop,https://www.eventbrite.com/e/suminagashi-japanese-paper-marbling-workshop-tickets-1344616186209,2025-07-31 21:30:00,2025-07-31 21:30:00,2025-07-31 23:30:00,2025-07-31 23:30:00,Single-Day-Ranged,120.0,Evening,3,Summer,"2940 N Lincoln Ave #2, Chicago, IL 60657, USA",60657,41.9351329,-87.6626389,Lake View,80.0,4.46618556701031,44.0,3.53125,40.0,4.28359009866713,105428.0,71192,30.9,Hobbies,Adults / Professionals (25 to 45),Relaxed,Yes,No,65.75
8ba89281,ATLANTA RODEO FEST,https://www.eventbrite.com/e/atlanta-rodeo-fest-tickets-1206163219659,2025-08-31 19:00:00,2025-08-31 19:00:00,2025-09-01 01:00:00,2025-09-01 01:00:00,Single-Day-Ranged,360.0,Afternoon,6,Summer,"2903 RN Martin St, East Point, GA 30344, USA",30344,33.6751803,-84.4385182,,29.0,4.21650789033525,26.0,3.67728813559322,40.0,4.3980463980464,58710.0,35302,34.7,Sports & Fitness,Families with Children,High-Energy,No,Yes,11.13
46b33078,Rum Punch Brunch Street Dance! - Jamaican Independence Festival,https://www.eventbrite.com/e/rum-punch-brunch-street-dance-jamaican-independence-festival-tickets-1478239988599,2025-08-09 20:00:00,2025-08-09 20:00:00,2025-12-10 04:00:00,2025-12-10 04:00:00,Multi-Day,176160.0,Afternoon,5,Summer,"643 M.L.K. Jr Dr NW, Atlanta, GA 30314, USA",30314,33.7549371,-84.4085856,Vine City,34.0,4.02890482738117,44.0,3.97577319587629,40.0,3.86701030927835,32374.0,22835,29.8,Food & Drink,None,High-Energy,No,Yes,17.85
6e3f93be,Aug. 2-3rd ATLANTA BLACK BEAUTY EXPO 2-Day Event,https://www.eventbrite.com/e/aug-2-3rd-atlanta-black-beauty-expo-2-day-event-tickets-1348758154949,2010-08-02 04:00:00,2010-08-02 04:00:00,2025-08-03 22:00:00,2025-08-03 22:00:00,Multi-Day,7892280.0,Night,0,Summer,"2000 Convention Center Concourse, College Park, GA 30337, USA",30337,33.6456265,-84.4575306,,56.0,3.61453505644682,35.0,3.92117647058824,40.0,4.39869876382563,49558.0,11570,33.8,Fashion,None,High-Energy,No,Yes,12.16
145fef96,Atlanta Princess Experience,https://www.eventbrite.com/e/atlanta-princess-experience-tickets-1417630664479,2025-07-29 03:00:00,2025-07-29 03:00:00,2025-09-28 20:00:00,2025-09-28 20:00:00,Single-Day-Ranged,88860.0,Night,0,Summer,"2 Galleria Pkwy SE, Atlanta, GA 30339, USA",30339,33.8836121,-84.4672129,Cumberland,36.0,4.36359649122807,5.0,2.3969696969697,40.0,3.76470588235294,97106.0,34292,33.5,None,None,None,No,Yes,31.22
bd4fc8a1,THE MEET UP EXPERIENCE 2025,https://www.eventbrite.com/e/the-meet-up-experience-2025-tickets-1200372098259,2025-08-22 16:00:00,2025-08-22 16:00:00,2025-08-25 00:00:00,2025-08-25 00:00:00,Multi-Day,3360.0,Afternoon,4,Summer,"135 Riverside Pkwy, Austell, GA 30168, USA",30168,33.7716846,-84.5573237,,6.0,3.89212271973466,14.0,3.78888888888889,40.0,3.64246575342466,63956.0,24599,33.8,None,None,None,None,None,250.0
19682f03,ARA/FMLS SHOWCASE 2025: Atlanta - City of the Future,https://www.eventbrite.com/e/arafmls-showcase-2025-atlanta-city-of-the-future-registration-1396810420569,2025-08-21 16:00:00,2025-08-21 16:00:00,2025-08-21 20:00:00,2025-08-21 20:00:00,Single-Day-Ranged,240.0,Afternoon,3,Summer,"800 Battery Ave SE #500, Atlanta, GA 30339, USA",30339,33.8902516,-84.469726,Cumberland,36.0,4.36359649122807,5.0,2.3969696969697,40.0,3.76470588235294,97106.0,34292,33.5,None,None,None,None,None,10.0
b72a0680,LAYTON GIORDANI  | Friday August 1st 2025  | District Atlanta,https://www.eventbrite.com/e/layton-giordani-friday-august-1st-2025-district-atlanta-tickets-1325602134669,2025-08-02 02:00:00,2025-08-02 02:00:00,2025-08-02 05:00:00,2025-08-02 05:00:00,Multi-Day,180.0,Night,4,Summer,"269 Armour Dr NE, Atlanta, GA 30324, USA",30324,33.81211,-84.3786098,Buckhead,48.0,3.9201906779661,37.0,3.1831715210356,40.0,4.0812528370404,90455.0,29299,34.7,Music,Young Adults (18 to 30),High-Energy,Yes,No,23.64
73368728,Linen and Blues,https://www.eventbrite.com/e/linen-and-blues-tickets-1119896633979,2025-08-16 21:00:00,2025-08-16 21:00:00,2025-08-17 02:00:00,2025-08-17 02:00:00,Single-Day-Ranged,300.0,Evening,5,Summer,"775 Echo St NW, Atlanta, GA 30318, USA",30318,33.7756105,-84.4101064,English Avenue,0.0,0.0,15.0,3.0,40.0,3.8818858560794,69640.0,59559,30.6,None,Adults / Professionals (25 to 45),Relaxed,No,Yes,89.17
08311cc9,Black Dynamite x Year Of The Rat Premier Screening (ATL) BMA DOUBLE FEATURE,https://www.eventbrite.com/e/black-dynamite-x-year-of-the-rat-premier-screening-atl-bma-double-feature-tickets-1362386688259,2025-08-09 22:00:00,2025-08-09 22:00:00,2025-08-10 03:00:00,2025-08-10 03:00:00,Single-Day-Ranged,300.0,Evening,5,Summer,"1049 Ponce De Leon Ave NE, Atlanta, GA 30306, USA",30306,33.7734567,-84.3530406,Poncey-Highland,49.0,4.5162781327347,30.0,3.3125,40.0,4.56843313564186,120679.0,24493,38.3,Film & Media,None,High-Energy,No,Yes,25.24
a4a20524,MY HUSBAND’S MISTRESS 2,https://www.eventbrite.com/e/my-husbands-mistress-2-tickets-1399842569809,2025-07-27 19:00:00,2025-07-27 19:00:00,2025-07-27 22:00:00,2025-07-27 22:00:00,Single-Day-Ranged,180.0,Afternoon,6,Summer,"2345 Cheshire Bridge Rd NE, Atlanta, GA 30324, USA",30324,33.818996,-84.350464,Lindridge-Martin Manor,48.0,3.9201906779661,37.0,3.1831715210356,40.0,4.0812528370404,90455.0,29299,34.7,None,None,None,None,None,42.23
6580009d,T3 Charity Block Party,https://www.eventbrite.com/e/t3-charity-block-party-tickets-1400227531239,2025-08-16 18:00:00,2025-08-16 18:00:00,2025-08-17 00:00:00,2025-08-17 00:00:00,Single-Day-Ranged,360.0,Afternoon,5,Summer,"Cofield Park, Hapeville, GA 30354, USA",30354,33.6677792,-84.4109064,,4.0,4.38839285714286,21.0,3.15714285714286,40.0,3.61278538812785,51424.0,15002,35.1,Charity & Causes,All Ages,High-Energy,Yes,No,10.0
b1e6b5a9,WESTEND  | Friday August 8th 2025  | District Atlanta,https://www.eventbrite.com/e/westend-friday-august-8th-2025-district-atlanta-tickets-1353561772699,2025-08-09 02:00:00,2025-08-09 02:00:00,2025-08-09 05:00:00,2025-08-09 05:00:00,Multi-Day,180.0,Night,4,Summer,"269 Armour Dr NE, Atlanta, GA 30324, USA",30324,33.81211,-84.3786098,Buckhead,48.0,3.9201906779661,37.0,3.1831715210356,40.0,4.0812528370404,90455.0,29299,34.7,Music,Young Adults (18 to 30),High-Energy,Yes,No,23.64
b16b38e0,GENESI  | Friday August 15th 2025  | District Atlanta,https://www.eventbrite.com/e/genesi-friday-august-15th-2025-district-atlanta-tickets-1409589041769,2025-08-16 02:00:00,2025-08-16 02:00:00,2025-08-16 05:00:00,2025-08-16 05:00:00,Multi-Day,180.0,Night,4,Summer,"269 Armour Dr NE, Atlanta, GA 30324, USA",30324,33.81211,-84.3786098,Buckhead,48.0,3.9201906779661,37.0,3.1831715210356,40.0,4.0812528370404,90455.0,29299,34.7,Music,Adults / Professionals (25 to 45),High-Energy,Yes,No,29.32
ba004191,Sip & Dip Pool Party,https://www.eventbrite.com/e/sip-dip-pool-party-tickets-1484026265509,2025-08-16 18:00:00,2025-08-16 18:00:00,2025-08-16 21:00:00,2025-08-16 21:00:00,Single-Day-Ranged,180.0,Afternoon,5,Summer,"180 10th St NE, Atlanta, GA 30309, USA",30309,33.7819987,-84.3814345,Midtown Atlanta,33.0,4.34726986849628,36.0,2.9421686746988,40.0,4.58394057857701,110303.0,29600,32.5,Food & Drink,Young Adults (18 to 30),High-Energy,Yes,Yes,54.45
5adcddff,Salsa Social at Callanwolde,https://www.eventbrite.com/e/salsa-social-at-callanwolde-tickets-1274468482539,2025-08-15 22:00:00,2025-08-15 22:00:00,2025-08-16 02:00:00,2025-08-16 02:00:00,Single-Day-Ranged,240.0,Evening,4,Summer,"980 Briarcliff Rd NE, Atlanta, GA 30306, USA",30306,33.7818415,-84.345085,,49.0,4.5162781327347,30.0,3.3125,40.0,4.56843313564186,120679.0,24493,38.3,Music,None,High-Energy,No,No,17.33
f3a5bb0e,NextGen: Rooted & Rising,https://www.eventbrite.com/e/nextgen-rooted-rising-tickets-1458915127419,2025-08-14 21:30:00,2025-08-14 21:30:00,2025-08-15 00:00:00,2025-08-15 00:00:00,Single-Day-Ranged,150.0,Evening,3,Summer,"3423 Piedmont Rd NE, Atlanta, GA 30305, USA",30305,33.8487233,-84.3736678,Buckhead,57.0,4.51250965677078,41.0,2.04782608695652,40.0,4.60774223104528,103982.0,26565,38.2,Charity & Causes,Adults / Professionals (25 to 45),Professional,Yes,No,27.23
449d90f5,SIUE Alumni Day at Wintrust Arena,https://www.eventbrite.com/e/siue-alumni-day-at-wintrust-arena-tickets-1431540318629,2025-08-23 18:00:00,2025-08-23 18:00:00,2025-08-23 22:00:00,2025-08-23 22:00:00,Single-Day-Ranged,240.0,Afternoon,5,Summer,"200 E Cermak Rd, Chicago, IL 60616, USA",60616,41.8537349,-87.6213427,Near South Side,20.0,3.62155486450466,37.0,3.39387755102041,40.0,4.02564102564103,72326.0,52707,37.6,None,None,None,None,None,133.06
04329c01,Swiftie Booze Cruise!,https://www.eventbrite.com/e/swiftie-booze-cruise-tickets-1404445748039,2025-08-31 20:00:00,2025-08-31 20:00:00,2025-08-31 23:00:00,2025-08-31 23:00:00,Single-Day-Ranged,180.0,Afternoon,6,Summer,"900 S Wells St, Chicago, IL 60607, USA",60607,41.8708298,-87.6349614,Chicago Loop,76.0,4.49554310764735,45.0,3.01035953686776,40.0,3.93678948089303,119500.0,28797,30.9,Music,Young Adults (18 to 30),High-Energy,No,No,31.09
9b842824,DILLON FRANCIS | Friday August 22nd 2025 | District Atlanta,https://www.eventbrite.com/e/dillon-francis-friday-august-22nd-2025-district-atlanta-tickets-1353293670799,2025-08-23 02:00:00,2025-08-23 02:00:00,2025-08-23 05:00:00,2025-08-23 05:00:00,Multi-Day,180.0,Night,4,Summer,"269 Armour Dr NE, Atlanta, GA 30324, USA",30324,33.81211,-84.3786098,Buckhead,48.0,3.9201906779661,37.0,3.1831715210356,40.0,4.0812528370404,90455.0,29299,34.7,Music,Young Adults (18 to 30),High-Energy,No,No,35.01
6e37f4fd,VidFest Expo Atlanta,https://www.eventbrite.com/e/vidfest-expo-atlanta-tickets-1204186376869,2025-08-21 05:00:00,2025-08-21 05:00:00,2025-08-24 01:00:00,2025-08-24 01:00:00,Multi-Day,4080.0,Night,3,Summer,"265 Peachtree Rd NE, Atlanta, GA 30303, USA",30303,33.7613755,-84.3873556,Peachtree Center,80.0,4.21475997281545,42.0,3.6978021978022,40.0,3.95926420129623,-666666666.0,5974,22.0,Film & Media,None,Educational,No,No,534.31
05b96489,2025 National Book Club Conference + Author Talks Series: August 1,https://www.eventbrite.com/e/2025-national-book-club-conference-author-talks-series-august-1-tickets-1334861790549,2025-08-01 22:30:00,2025-08-01 22:30:00,2025-08-02 01:30:00,2025-08-02 01:30:00,Single-Day-Ranged,180.0,Evening,4,Summer,"288 Buckhead Ave NE, Atlanta, GA 30305, USA",30305,33.8383286,-84.3785364,Buckhead,57.0,4.51250965677078,41.0,2.04782608695652,40.0,4.60774223104528,103982.0,26565,38.2,Performing & Visual Arts,None,Relaxed,Yes,Yes,36.39
7c23b400,Taste Urban Atlanta: Atlanta's Largest Black Tasting Event!!!,https://www.eventbrite.com/e/taste-urban-atlanta-atlantas-largest-black-tasting-event-tickets-1392586396399,2025-08-20 22:00:00,2025-08-20 22:00:00,2025-08-21 02:00:00,2025-08-21 02:00:00,Single-Day-Ranged,240.0,Evening,2,Summer,"916 Joseph E. Lowery Blvd NW, Atlanta, GA 30318, USA",30318,33.7801821,-84.4178023,Knight Park/Howell Station,0.0,0.0,15.0,3.0,40.0,3.8818858560794,69640.0,59559,30.6,Food & Drink,Adults / Professionals (25 to 45),Relaxed,Yes,Yes,13.24
3be7f022,Fierce and Fearless Female Leaders,https://www.eventbrite.com/e/fierce-and-fearless-female-leaders-tickets-1303038195319,2025-07-19 01:30:00,2025-07-19 01:30:00,2025-08-18 21:00:00,2025-08-18 21:00:00,Single-Day-Ranged,44370.0,Evening,4,Summer,"1215 Piedmont Ave NE, Atlanta, GA 30309, USA",30309,33.7879578,-84.3773818,Midtown,33.0,4.34726986849628,36.0,2.9421686746988,40.0,4.58394057857701,110303.0,29600,32.5,None,Adults / Professionals (25 to 45),High-Energy,No,No,160.0
ae70399d,Sip & Savor,https://www.eventbrite.com/e/sip-savor-tickets-1349448880929,2025-08-08 22:00:00,2025-08-08 22:00:00,2025-08-09 01:00:00,2025-08-09 01:00:00,Single-Day-Ranged,180.0,Evening,4,Summer,"321 W Hill St, Decatur, GA 30030, USA",30030,33.7602348,-84.3022705,Oakhurst,54.0,4.45298528522475,44.0,3.68912280701754,40.0,4.60688111424308,117774.0,31984,38.9,Food & Drink,None,Relaxed,No,No,65.87
5104a1c8,Atlannabis,https://www.eventbrite.com/e/atlannabis-tickets-1405619669269,2025-08-02 20:00:00,2025-08-02 20:00:00,2025-08-03 01:00:00,2025-08-03 01:00:00,Single-Day-Ranged,300.0,Afternoon,5,Summer,"3535 Peachtree Rd Suite 520, Atlanta, GA 30326, USA",30326,33.8513685,-84.3582843,Buckhead,70.0,4.37247197038785,41.0,3.72727272727273,40.0,4.35115525352849,110208.0,8379,34.0,None,Adults / Professionals (25 to 45),None,No,No,28.52
de9f7f69,Troop 370 August Merit Badge Clinic,https://www.eventbrite.com/e/troop-370-august-merit-badge-clinic-tickets-1426028442459,2025-07-24 01:00:00,2025-07-24 01:00:00,2025-08-23 19:00:00,2025-08-23 19:00:00,Single-Day-Ranged,44280.0,Evening,2,Summer,"4400 Peachtree Dunwoody Rd, Atlanta, GA 30342, USA",30342,33.8747329,-84.3588392,Buckhead,2.0,4.8358024691358,3.0,1.0,40.0,4.55443548387097,115779.0,33154,33.3,None,None,None,None,None,20.0
4bba7994,D.O.D | Friday August 29th 2025  | District Atlanta,https://www.eventbrite.com/e/dod-friday-august-29th-2025-district-atlanta-tickets-1394867308669,2025-08-30 02:00:00,2025-08-30 02:00:00,2025-08-30 05:00:00,2025-08-30 05:00:00,Multi-Day,180.0,Night,4,Summer,"269 Armour Dr NE, Atlanta, GA 30324, USA",30324,33.81211,-84.3786098,Buckhead,48.0,3.9201906779661,37.0,3.1831715210356,40.0,4.0812528370404,90455.0,29299,34.7,Music,Young Adults (18 to 30),High-Energy,Yes,Yes,29.32
8ee3764a,2nd Annual Friends and Family Football Blue & White Affair,https://www.eventbrite.com/e/2nd-annual-friends-and-family-football-blue-white-affair-tickets-1319105824029,2025-08-09 22:30:00,2025-08-09 22:30:00,2025-08-10 03:59:00,2025-08-10 03:59:00,Single-Day-Ranged,329.0,Evening,5,Summer,"755 Hank Aaron Dr SE, Atlanta, GA 30315, USA",30315,33.735437,-84.389509,Summerhill,14.0,4.75715218811235,34.0,3.89347079037801,40.0,4.14983388704319,36436.0,34941,35.0,School Activities,None,Professional,No,Yes,100.0
0c1cf804,RELEASED Book Launch 2025,https://www.eventbrite.com/e/released-book-launch-2025-tickets-1321978185339,2025-08-23 20:00:00,2025-08-23 20:00:00,2025-08-24 02:00:00,2025-08-24 02:00:00,Single-Day-Ranged,360.0,Afternoon,5,Summer,"503 Peeples St SW, Atlanta, GA 30310, USA",30310,33.7412241,-84.4207924,West End,42.0,3.93703070924782,34.0,2.67714285714286,40.0,3.94033613445378,45641.0,25847,36.0,Performing & Visual Arts,None,Professional,Yes,Yes,35.0
370aed8b,2025 Break up with Heartbreak: Luncheon and Workshop,https://www.eventbrite.com/e/2025-break-up-with-heartbreak-luncheon-and-workshop-tickets-1296140855189,2025-07-24 04:00:00,2025-07-24 04:00:00,2025-08-23 19:00:00,2025-08-23 19:00:00,Single-Day-Ranged,44100.0,Night,2,Summer,"1601 Cumberland Mall Suite 200, Atlanta, GA 30339, USA",30339,33.8807831,-84.4677164,Cumberland,36.0,4.36359649122807,5.0,2.3969696969697,40.0,3.76470588235294,97106.0,34292,33.5,Health,Adults / Professionals (25 to 45),Relaxed,Yes,Yes,104.94
27fc8d93,Season Tickets - Jazz on the Lawn 2025,https://www.eventbrite.com/e/season-tickets-jazz-on-the-lawn-2025-tickets-1388578107499,2025-08-22 23:30:00,2025-08-22 23:30:00,,,Single-Day-Instant,,Evening,4,Summer,"980 Briarcliff Rd NE, Atlanta, GA 30306, USA",30306,33.7818415,-84.345085,,49.0,4.5162781327347,30.0,3.3125,40.0,4.56843313564186,120679.0,24493,38.3,Music,None,Relaxed,No,Yes,159.75
82da2308,"Iris Presents: DENNETT @ Wish Lounge | Fri, Aug 22nd!",https://www.eventbrite.com/e/iris-presents-dennett-wish-lounge-fri-aug-22nd-tickets-1355303261539,2025-08-23 02:00:00,2025-08-23 02:00:00,2025-08-23 05:00:00,2025-08-23 05:00:00,Multi-Day,180.0,Night,4,Summer,"181 Ralph David Abernathy Blvd, Atlanta, GA 30312, USA",30312,33.7370465,-84.3937309,Mechanicsville,38.0,4.42732688418867,40.0,3.49090909090909,40.0,4.38981652181547,70540.0,26263,32.1,Music,Young Adults (18 to 30),High-Energy,No,Yes,16.75
f2dc455c,"Eat Sleep Play Tour  Atlanta presented by Hey, Milestone & Naturepedic",https://www.eventbrite.com/e/eat-sleep-play-tour-atlanta-presented-by-hey-milestone-naturepedic-tickets-1366414736259,2025-07-17 04:00:00,2025-07-17 04:00:00,2025-08-16 17:00:00,2025-08-16 17:00:00,Single-Day-Ranged,43980.0,Night,2,Summer,"3167 Peachtree Rd NE, Atlanta, GA 30305, USA",30305,33.840406,-84.3758695,Buckhead,57.0,4.51250965677078,41.0,2.04782608695652,40.0,4.60774223104528,103982.0,26565,38.2,Family & Education,Families with Children,Educational,Yes,Yes,13.62
2734c7ea,HELL YEA COMEDY SHOW,https://www.eventbrite.com/e/hell-yea-comedy-show-tickets-1475165813659,2025-07-29 00:00:00,2025-07-29 00:00:00,2025-07-29 03:30:00,2025-07-29 03:30:00,Single-Day-Ranged,210.0,Evening,0,Summer,"1100 Crescent Ave NE, Atlanta, GA 30309, USA",30309,33.7847661,-84.3845456,Midtown Atlanta,33.0,4.34726986849628,36.0,2.9421686746988,40.0,4.58394057857701,110303.0,29600,32.5,Charity & Causes,None,High-Energy,Yes,No,13.62
aabea9d2,Party with a Purpose- GLOW with an EPP,https://www.eventbrite.com/e/party-with-a-purpose-glow-with-an-epp-tickets-1341013430269,2025-08-30 19:00:00,2025-08-30 19:00:00,2025-08-30 23:00:00,2025-08-30 23:00:00,Single-Day-Ranged,240.0,Afternoon,5,Summer,"1104 Crescent Ave NE, Atlanta, GA 30309, USA",30309,33.7848452,-84.3845727,Midtown Atlanta,33.0,4.34726986849628,36.0,2.9421686746988,40.0,4.58394057857701,110303.0,29600,32.5,Charity & Causes,None,High-Energy,No,No,31.06
c95eb64b,Reconcile and Reform: The Reformation Project's 2025 Conference (Atlanta),https://www.eventbrite.com/e/reconcile-and-reform-the-reformation-projects-2025-conference-atlanta-tickets-1058632009839,2025-10-02 22:00:00,2025-10-02 22:00:00,2025-10-04 21:00:00,2025-10-04 21:00:00,Multi-Day,2820.0,Evening,3,,"190 Marietta St NW, Atlanta, GA 30303, USA",30303,33.7583402,-84.3942979,Centennial Park District,80.0,4.21475997281545,42.0,3.6978021978022,40.0,3.95926420129623,-666666666.0,5974,22.0,Spirituality,None,Educational,No,No,175.14
525a46cd,BENNY BENASSI  | Friday September 12th 2025  | District Atlanta,https://www.eventbrite.com/e/benny-benassi-friday-september-12th-2025-district-atlanta-tickets-1383884809719,2025-07-13 02:00:00,2025-07-13 02:00:00,2025-09-13 05:00:00,2025-09-13 05:00:00,Multi-Day,89460.0,Night,5,Summer,"269 Armour Dr NE, Atlanta, GA 30324, USA",30324,33.81211,-84.3786098,Buckhead,48.0,3.9201906779661,37.0,3.1831715210356,40.0,4.0812528370404,90455.0,29299,34.7,Music,Adults / Professionals (25 to 45),High-Energy,Yes,No,35.01
61eca15a,Atlanta Disco Society XVI,https://www.eventbrite.com/e/atlanta-disco-society-xvi-tickets-1485172112769,2025-08-03 01:00:00,2025-08-03 01:00:00,2025-08-03 05:00:00,2025-08-03 05:00:00,Multi-Day,240.0,Night,5,Summer,"466 Edgewood Ave SE Suite B, Atlanta, GA 30312, USA",30312,33.7544072,-84.3722907,Sweet Auburn,38.0,4.42732688418867,40.0,3.49090909090909,40.0,4.38981652181547,70540.0,26263,32.1,Music,Young Adults (18 to 30),High-Energy,No,Yes,15.35
7e2baf5c,Health Connect South Gathering 2025,https://www.eventbrite.com/e/health-connect-south-gathering-2025-tickets-1109391653299,2025-07-18 00:00:00,2025-07-18 00:00:00,2025-09-17 20:30:00,2025-09-17 20:30:00,Single-Day-Ranged,89070.0,Evening,3,Summer,"225 Baker St NW, Atlanta, GA 30313, USA",30313,33.763382,-84.3951098,Centennial Park District,69.0,4.19230548016608,45.0,3.86207524271845,40.0,4.14619458000208,64514.0,12119,21.8,Health,None,Professional,No,Yes,461.02
37dcdcab,Saturday Night: Atlanta Live: The Mega Party,https://www.eventbrite.com/e/saturday-night-atlanta-live-the-mega-party-tickets-1413996785449,2025-08-31 02:00:00,2025-08-31 02:00:00,2025-08-31 05:00:00,2025-08-31 05:00:00,Multi-Day,180.0,Night,5,Summer,"3535 Peachtree Rd Suite 520, Atlanta, GA 30326, USA",30326,33.8513685,-84.3582843,Buckhead,70.0,4.37247197038785,41.0,3.72727272727273,40.0,4.35115525352849,110208.0,8379,34.0,Music,Young Adults (18 to 30),High-Energy,No,Yes,42.68
29640455,Hacker Halted 2025,https://www.eventbrite.com/e/hacker-halted-2025-tickets-1060396758249,2025-09-28 05:00:00,2025-09-28 05:00:00,2025-10-02 21:00:00,2025-10-02 21:00:00,Multi-Day,6720.0,Night,6,,"2450 Galleria Pkwy, Atlanta, GA 30339, USA",30339,33.885198,-84.4643622,Cumberland,36.0,4.36359649122807,5.0,2.3969696969697,40.0,3.76470588235294,97106.0,34292,33.5,Science & Tech,Adults / Professionals (25 to 45),Educational,No,Yes,210.94
a1b17e5d,"It's Your thing  ""The Isley  Brother's Legacy""",https://www.eventbrite.com/e/its-your-thing-the-isley-brothers-legacy-tickets-1394741853429,2025-08-03 19:30:00,2025-08-03 19:30:00,2025-08-03 21:30:00,2025-08-03 21:30:00,Single-Day-Ranged,120.0,Afternoon,6,Summer,"106 N Avondale Rd, Avondale Estates, GA 30002, USA",30002,33.7763378,-84.2681939,,17.0,4.53639449860724,12.0,5.0,40.0,4.45446428571429,86836.0,5856,40.7,None,None,None,No,No,28.52
e67fd546,Sunday: Goodies - R&B Day Party,https://www.eventbrite.com/e/sunday-goodies-rb-day-party-tickets-1413998771389,2025-08-31 19:00:00,2025-08-31 19:00:00,2025-09-01 00:00:00,2025-09-01 00:00:00,Single-Day-Ranged,300.0,Afternoon,6,Summer,"330 Edgewood Ave SE, Atlanta, GA 30312, USA",30312,33.7546211,-84.3768344,Sweet Auburn,38.0,4.42732688418867,40.0,3.49090909090909,40.0,4.38981652181547,70540.0,26263,32.1,Music,Young Adults (18 to 30),Relaxed,No,No,25.24
89fc35a6,"The Bunny Hive Smyrna, GA hosting Silhouettes by Edward",https://www.eventbrite.com/e/the-bunny-hive-smyrna-ga-hosting-silhouettes-by-edward-tickets-1308064258409,2025-09-14 17:00:00,2025-09-14 17:00:00,2025-09-14 20:00:00,2025-09-14 20:00:00,Single-Day-Ranged,180.0,Afternoon,6,,"1260 W Spring St c, Smyrna, GA 30080, USA",30080,33.8840924,-84.5155749,,35.0,4.37687662733367,7.0,3.80618556701031,40.0,4.52081474873625,85061.0,53116,35.1,Performing & Visual Arts,None,Relaxed,No,No,13.26
e0ba2c34,AFRICON 2025 WEEKEND,https://www.eventbrite.com/e/africon-2025-weekend-tickets-1254018526169,2025-09-18 05:00:00,2025-09-18 05:00:00,2025-09-20 21:00:00,2025-09-20 21:00:00,Multi-Day,3840.0,Night,3,,"190 Marietta St NW, Atlanta, GA 30303, USA",30303,33.7583402,-84.3942979,Centennial Park District,80.0,4.21475997281545,42.0,3.6978021978022,40.0,3.95926420129623,-666666666.0,5974,22.0,Community,Young Adults (18 to 30),High-Energy,No,Yes,61.11
e676bcc0,The Loc Expo,https://www.eventbrite.com/e/the-loc-expo-tickets-1375297735549,2025-07-24 03:00:00,2025-07-24 03:00:00,2025-08-23 23:00:00,2025-08-23 23:00:00,Single-Day-Ranged,44400.0,Night,2,Summer,"40 Courtland St NE, Atlanta, GA 30303, USA",30303,33.7552117,-84.3847053,Hotel District,80.0,4.21475997281545,42.0,3.6978021978022,40.0,3.95926420129623,-666666666.0,5974,22.0,Fashion,All Ages,Professional,No,Yes,12.51
be883605,"Iris Presents: Joyryde @ Believe Music Hall | Sat, Aug 23rd!",https://www.eventbrite.com/e/iris-presents-joyryde-believe-music-hall-sat-aug-23rd-tickets-1461762975409,2025-08-24 02:00:00,2025-08-24 02:00:00,2025-08-24 05:00:00,2025-08-24 05:00:00,Multi-Day,180.0,Night,5,Summer,"181 Ralph David Abernathy Blvd, Atlanta, GA 30312, USA",30312,33.7370465,-84.3937309,Mechanicsville,38.0,4.42732688418867,40.0,3.49090909090909,40.0,4.38981652181547,70540.0,26263,32.1,Music,Young Adults (18 to 30),High-Energy,No,Yes,34.25
e69e2258,Ladies at Play presents THE COWGIRL'S PLAYGROUND ATLANTA LGBTQ+ Pride '25,https://www.eventbrite.com/e/ladies-at-play-presents-the-cowgirls-playground-atlanta-lgbtq-pride-25-tickets-1466029757469,2025-08-30 21:00:00,2025-08-30 21:00:00,2025-08-31 01:00:00,2025-08-31 01:00:00,Single-Day-Ranged,240.0,Evening,5,Summer,"565 Main St NE, Atlanta, GA 30324, USA",30324,33.8222605,-84.3686505,Buckhead,48.0,3.9201906779661,37.0,3.1831715210356,40.0,4.0812528370404,90455.0,29299,34.7,Music,Adults / Professionals (25 to 45),High-Energy,No,Yes,23.18
57df8b49,Saturday Night Interlude: Miami,https://www.eventbrite.com/e/saturday-night-interlude-miami-tickets-1372824748779,2025-08-03 01:00:00,2025-08-03 01:00:00,2025-08-03 05:00:00,2025-08-03 05:00:00,Multi-Day,240.0,Night,5,Summer,"2244 NW 1st Ct, Miami, FL 33127, USA",33127,25.7988678,-80.1980329,Wynwood Art District,48.0,4.40945816186557,35.0,3.67688564476886,40.0,4.26727501573317,39690.0,28306,36.0,Music,Young Adults (18 to 30),High-Energy,No,Yes,19.1
9558d09f,"Serve With A Purpose - Tennis, Pickleball & Community Wellness Day",https://www.eventbrite.com/e/serve-with-a-purpose-tennis-pickleball-community-wellness-day-tickets-1425600883619,2025-08-09 17:00:00,2025-08-09 17:00:00,2025-08-09 21:00:00,2025-08-09 21:00:00,Single-Day-Ranged,240.0,Afternoon,5,Summer,"1255 NW 135th St, North Miami, FL 33168, USA",33168,25.898494,-80.2219904,,34.0,3.85131217744592,24.0,3.3607476635514,40.0,4.46005025125628,55866.0,23458,38.4,Charity & Causes,Adults / Professionals (25 to 45),High-Energy,No,Yes,17.85
12e459f3,Tu  B'Av White Party for Jewish Singles ages 20-33,https://www.eventbrite.com/e/tu-bav-white-party-for-jewish-singles-ages-20-33-tickets-1441281344299,2025-08-10 23:00:00,2025-08-10 23:00:00,2025-08-11 02:00:00,2025-08-11 02:00:00,Single-Day-Ranged,180.0,Evening,6,Summer,"10275 Collins Ave, Bal Harbour, FL 33154, USA",33154,25.8979404,-80.1235934,,42.0,4.47698634931747,38.0,4.67567567567568,40.0,4.60856120918426,75540.0,14557,41.2,Community,Young Adults (18 to 30),High-Energy,No,Yes,40.0
d967bf54,Stand-Up Comedy Show with Roz Hernandez,https://www.eventbrite.com/e/stand-up-comedy-show-with-roz-hernandez-tickets-1359725057249,2025-08-09 02:30:00,2025-08-09 02:30:00,2025-08-09 03:55:00,2025-08-09 03:55:00,Single-Day-Ranged,85.0,Night,4,Summer,"5865 NE 2nd Ave, Miami, FL 33137, USA",33137,25.8296065,-80.1918586,,20.0,4.24700294792008,24.0,4.0184,40.0,4.22960969044415,71348.0,25283,34.3,Performing & Visual Arts,Young Adults (18 to 30),Relaxed,Yes,No,38.34
db3f5473,Miami Carnival 2025 | Viva La Carnival | Year IX,https://www.eventbrite.com/e/miami-carnival-2025-viva-la-carnival-year-ix-tickets-1333065658269,2025-10-12 00:00:00,2025-10-12 00:00:00,,,Single-Day-Instant,,Evening,5,,"Miami, FL 33131, USA",33131,25.76528,-80.1847167,Downtown Miami,80.0,4.42008502008502,40.0,4.18079710144927,40.0,4.40765059074182,121730.0,22540,35.4,None,None,None,None,None,23.42
22e0ec29,WBFF 2025  Worlds Miami Runway X For The Stars Fashion House Runway,https://www.eventbrite.com/e/wbff-2025-worlds-miami-runway-x-for-the-stars-fashion-house-runway-tickets-1435803499919,2025-08-09 21:00:00,2025-08-09 21:00:00,2025-08-10 03:00:00,2025-08-10 03:00:00,Single-Day-Ranged,360.0,Evening,5,Summer,"169 E Flagler St, Miami, FL 33131, USA",33131,25.7745326,-80.1906444,Downtown Miami,80.0,4.42008502008502,40.0,4.18079710144927,40.0,4.40765059074182,121730.0,22540,35.4,Fashion,All Ages,High-Energy,No,No,115.0
3cc66dd3,Open Studio Sessions : Made in Dade,https://www.eventbrite.com/e/open-studio-sessions-made-in-dade-tickets-1477622291049,2025-07-30 23:00:00,2025-07-30 23:00:00,2025-07-31 02:00:00,2025-07-31 02:00:00,Single-Day-Ranged,180.0,Evening,2,Summer,"46 NW 36th St #2, Miami, FL 33127, USA",33127,25.8102112,-80.1963239,Wynwood Art District,48.0,4.40945816186557,35.0,3.67688564476886,40.0,4.26727501573317,39690.0,28306,36.0,None,None,None,None,Yes,19.1
137bd078,BRACE - Nightfall In  Bloom!,https://www.eventbrite.com/e/brace-nightfall-in-bloom-tickets-1423021277949,2025-08-16 01:00:00,2025-08-16 01:00:00,2025-08-16 05:00:00,2025-08-16 05:00:00,Multi-Day,240.0,Night,4,Summer,"55 NE 24th St, Miami, FL 33137, USA",33137,25.8000697,-80.1938269,Wynwood,20.0,4.24700294792008,24.0,4.0184,40.0,4.22960969044415,71348.0,25283,34.3,Music,Young Adults (18 to 30),High-Energy,No,No,41.93
56e2d927,Posh and Purpose Model Workshop,https://www.eventbrite.com/e/posh-and-purpose-model-workshop-tickets-1492500632569,2025-08-16 18:00:00,2025-08-16 18:00:00,2025-08-16 21:00:00,2025-08-16 21:00:00,Single-Day-Ranged,180.0,Afternoon,5,Summer,"910 West Ave d, Miami Beach, FL 33139, USA",33139,25.780023,-80.142821,West Avenue,63.0,3.96878045335781,35.0,4.10545454545455,40.0,4.00317216679458,60971.0,35100,41.7,Fashion,None,Professional,No,Yes,30.52
